0   , 417795 , 0      , 0      , 0      , 0      , 0      , 0      , 0      , 0      
1   , 417795 , 417795 , 0      , 99     , 0      , 0      , 0      , 0      , 0      
2   , 417795 , 417795 , 100    , 0      , 0      , 0      , 0      , 0      , 0      
3   , 417795 , 417795 , 0      , 0      , 255    , 0      , 0      , 0      , 0      
4   , 418095 , 0      , 0      , 0      , 0      , 0      , 0      , 0      , 0      
5   , 418095 , 418095 , 0      , 98     , 0      , 0      , 0      , 0      , 0      
6   , 418095 , 418095 , 100    , 0      , 0      , 0      , 0      , 0      , 0      
7   , 418095 , 418095 , 0      , 0      , 255    , 0      , 0      , 0      , 0      
8   , 418396 , 0      , 0      , 0      , 0      , 0      , 0      , 0      , 0      
9   , 418396 , 418396 , 0      , 97     , 0      , 0      , 0      , 0      , 0      
10  , 418396 , 418396 , 100    , 0      , 0      , 0      , 0      , 0      , 0      
11  , 418396 , 418396 , 0      , 0      , 255    , 0      , 0      , 0      , 0      
12  , 418697 , 0      , 0      , 0      , 0      , 0      , 0      , 0      , 0      
13  , 418697 , 418697 , 0      , 98     , 0      , 0      , 0      , 0      , 0      
14  , 418697 , 418697 , 100    , 0      , 0      , 0      , 0      , 0      , 0      
15  , 418697 , 418697 , 0      , 0      , 255    , 0      , 0      , 0      , 0      
16  , 418997 , 0      , 0      , 0      , 0      , 0      , 0      , 0      , 0      
17  , 418997 , 418997 , 0      , 98     , 0      , 0      , 0      , 0      , 0      
18  , 418997 , 418997 , 100    , 0      , 0      , 0      , 0      , 0      , 0      
19  , 418997 , 418997 , 0      , 0      , 255    , 0      , 0      , 0      , 0      
20  , 419297 , 0      , 0      , 0      , 0      , 0      , 0      , 0      , 0      
21  , 419297 , 419297 , 0      , 100    , 0      , 0      , 0      , 0      , 0      
22  , 419297 , 419297 , 100    , 0      , 0      , 0      , 0      , 0      , 0      
23  , 419297 , 419297 , 0      , 0      , 255    , 0      , 0      , 0      , 0      
24  , 419597 , 0      , 0      , 0      , 0      , 0      , 0      , 0      , 0      
25  , 419597 , 419597 , 0      , 98     , 0      , 0      , 0      , 0      , 0      
26  , 419597 , 419597 , 100    , 0      , 0      , 0      , 0      , 0      , 0      
27  , 419597 , 419597 , 0      , 0      , 255    , 0      , 0      , 0      , 0      
28  , 419897 , 0      , 0      , 0      , 0      , 0      , 0      , 0      , 0      
29  , 419897 , 419897 , 0      , 97     , 0      , 0      , 0      , 0      , 0      
30  , 419897 , 419897 , 100    , 0      , 0      , 0      , 0      , 0      , 0      
31  , 419897 , 419897 , 0      , 0      , 255    , 0      , 0      , 0      , 0      
32  , 420197 , 0      , 0      , 0      , 0      , 0      , 0      , 0      , 0      
33  , 420197 , 420197 , 0      , 98     , 0      , 0      , 0      , 0      , 0      
34  , 420197 , 420197 , 100    , 0      , 0      , 0      , 0      , 0      , 0      
35  , 420197 , 420197 , 0      , 0      , 255    , 0      , 0      , 0      , 0      
36  , 420498 , 0      , 0      , 0      , 0      , 0      , 0      , 0      , 0      
37  , 420498 , 420498 , 0      , 97     , 0      , 0      , 0      , 0      , 0      
38  , 420498 , 420498 , 100    , 0      , 0      , 0      , 0      , 0      , 0      
39  , 420498 , 420498 , 0      , 0      , 255    , 0      , 0      , 0      , 0      
40  , 420798 , 0      , 0      , 0      , 0      , 0      , 0      , 0      , 0      
41  , 420798 , 420798 , 0      , 100    , 0      , 0      , 0      , 0      , 0      
42  , 420798 , 420798 , 100    , 0      , 0      , 0      , 0      , 0      , 0      
43  , 420798 , 420798 , 0      , 0      , 255    , 0      , 0      , 0      , 0      
44  , 421098 , 0      , 0      , 0      , 0      , 0      , 0      , 0      , 0      
45  , 421098 , 421098 , 0      , 100    , 0      , 0      , 0      , 0      , 0      
46  , 421098 , 421098 , 100    , 0      , 0      , 0      , 0      , 0      , 0      
47  , 421098 , 421098 , 0      , 0      , 255    , 0      , 0      , 0      , 0      
48  , 421398 , 0      , 0      , 0      , 0      , 0      , 0      , 0      , 0      
49  , 421398 , 421398 , 0      , 99     , 0      , 0      , 0      , 0      , 0      
50  , 421398 , 421398 , 100    , 0      , 0      , 0      , 0      , 0      , 0      
51  , 421398 , 421398 , 0      , 0      , 255    , 0      , 0      , 0      , 0      
52  , 421699 , 0      , 0      , 0      , 0      , 0      , 0      , 0      , 0      
53  , 421699 , 421699 , 0      , 99     , 0      , 0      , 0      , 0      , 0      
54  , 421699 , 421699 , 100    , 0      , 0      , 0      , 0      , 0      , 0      
55  , 421699 , 421699 , 0      , 0      , 255    , 0      , 0      , 0      , 0      
56  , 421999 , 0      , 0      , 0      , 0      , 0      , 0      , 0      , 0      
57  , 421999 , 421999 , 0      , 99     , 0      , 0      , 0      , 0      , 0      
58  , 421999 , 421999 , 100    , 0      , 0      , 0      , 0      , 0      , 0      
59  , 421999 , 421999 , 0      , 0      , 255    , 0      , 0      , 0      , 0      
60  , 422299 , 0      , 0      , 0      , 0      , 0      , 0      , 0      , 0      
61  , 422299 , 422299 , 0      , 100    , 0      , 0      , 0      , 0      , 0      
62  , 422299 , 422299 , 100    , 0      , 0      , 0      , 0      , 0      , 0      
63  , 422299 , 422299 , 0      , 0      , 255    , 0      , 0      , 0      , 0      
64  , 422599 , 0      , 0      , 0      , 0      , 0      , 0      , 0      , 0      
65  , 422599 , 422599 , 0      , 100    , 0      , 0      , 0      , 0      , 0      
66  , 422599 , 422599 , 100    , 0      , 0      , 0      , 0      , 0      , 0      
67  , 422599 , 422599 , 0      , 0      , 255    , 0      , 0      , 0      , 0      
68  , 422900 , 0      , 0      , 0      , 0      , 0      , 0      , 0      , 0      
69  , 422900 , 422900 , 0      , 100    , 0      , 0      , 0      , 0      , 0      
70  , 422900 , 422900 , 100    , 0      , 0      , 0      , 0      , 0      , 0      
71  , 422900 , 422900 , 0      , 0      , 255    , 0      , 0      , 0      , 0      
72  , 423201 , 0      , 0      , 0      , 0      , 0      , 0      , 0      , 0      
73  , 423201 , 423201 , 0      , 100    , 0      , 0      , 0      , 0      , 0      
74  , 423201 , 423201 , 100    , 0      , 0      , 0      , 0      , 0      , 0      
75  , 423201 , 423201 , 0      , 0      , 255    , 0      , 0      , 0      , 0      
76  , 423501 , 0      , 0      , 0      , 0      , 0      , 0      , 0      , 0      
77  , 423501 , 423501 , 0      , 99     , 0      , 0      , 0      , 0      , 0      
78  , 423501 , 423501 , 100    , 0      , 0      , 0      , 0      , 0      , 0      
79  , 423501 , 423501 , 0      , 0      , 255    , 0      , 0      , 0      , 0      
80  , 423801 , 0      , 0      , 0      , 0      , 0      , 0      , 0      , 0      
81  , 423801 , 423801 , 0      , 91     , 0      , 0      , 0      , 0      , 0      
82  , 423801 , 423801 , 100    , 0      , 0      , 0      , 0      , 0      , 0      
83  , 423801 , 423801 , 0      , 0      , 255    , 0      , 0      , 0      , 0      
84  , 424101 , 0      , 0      , 0      , 0      , 0      , 0      , 0      , 0      
85  , 424101 , 424101 , 0      , 100    , 0      , 0      , 0      , 0      , 0      
86  , 424101 , 424101 , 100    , 0      , 0      , 0      , 0      , 0      , 0      
87  , 424101 , 424101 , 0      , 0      , 255    , 0      , 0      , 0      , 0      
88  , 424402 , 0      , 0      , 0      , 0      , 0      , 0      , 0      , 0      
89  , 424402 , 424402 , 0      , 100    , 0      , 0      , 0      , 0      , 0      
90  , 424402 , 424402 , 100    , 0      , 0      , 0      , 0      , 0      , 0      
91  , 424402 , 424402 , 0      , 0      , 255    , 0      , 0      , 0      , 0      
92  , 424702 , 0      , 0      , 0      , 0      , 0      , 0      , 0      , 0      
93  , 424702 , 424702 , 0      , 100    , 0      , 0      , 0      , 0      , 0      
94  , 424702 , 424702 , 100    , 0      , 0      , 0      , 0      , 0      , 0      
95  , 424702 , 424702 , 0      , 0      , 255    , 0      , 0      , 0      , 0      
96  , 425002 , 0      , 0      , 0      , 0      , 0      , 0      , 0      , 0      
97  , 425002 , 425002 , 0      , 100    , 0      , 0      , 0      , 0      , 0      
98  , 425002 , 425002 , 100    , 0      , 0      , 0      , 0      , 0      , 0      
99  , 425002 , 425002 , 0      , 0      , 255    , 0      , 0      , 0      , 0      
100 , 425303 , 0      , 0      , 0      , 0      , 0      , 0      , 0      , 0      
101 , 425303 , 425303 , 0      , 100    , 0      , 0      , 0      , 0      , 0      
102 , 425303 , 425303 , 100    , 0      , 0      , 0      , 0      , 0      , 0      
103 , 425303 , 425303 , 0      , 0      , 255    , 0      , 0      , 0      , 0      
104 , 425604 , 0      , 0      , 0      , 0      , 0      , 0      , 0      , 0      
105 , 425604 , 425604 , 0      , 100    , 0      , 0      , 0      , 0      , 0      
106 , 425604 , 425604 , 100    , 0      , 0      , 0      , 0      , 0      , 0      
107 , 425604 , 425604 , 0      , 0      , 255    , 0      , 0      , 0      , 0      
108 , 425904 , 0      , 0      , 0      , 0      , 0      , 0      , 0      , 0      
109 , 425904 , 425904 , 0      , 100    , 0      , 0      , 0      , 0      , 0      
110 , 425904 , 425904 , 100    , 0      , 0      , 0      , 0      , 0      , 0      
111 , 425904 , 425904 , 0      , 0      , 255    , 0      , 0      , 0      , 0      
112 , 426204 , 0      , 0      , 0      , 0      , 0      , 0      , 0      , 0      
113 , 426204 , 426204 , 0      , 100    , 0      , 0      , 0      , 0      , 0      
114 , 426204 , 426204 , 100    , 0      , 0      , 0      , 0      , 0      , 0      
115 , 426204 , 426204 , 0      , 0      , 255    , 0      , 0      , 0      , 0      
116 , 426505 , 0      , 0      , 0      , 0      , 0      , 0      , 0      , 0      
117 , 426505 , 426505 , 0      , 100    , 0      , 0      , 0      , 0      , 0      
118 , 426505 , 426505 , 100    , 0      , 0      , 0      , 0      , 0      , 0      
119 , 426505 , 426505 , 0      , 0      , 255    , 0      , 0      , 0      , 0      
120 , 426806 , 0      , 0      , 0      , 0      , 0      , 0      , 0      , 0      
121 , 426806 , 426806 , 0      , 100    , 0      , 0      , 0      , 0      , 0      
122 , 426806 , 426806 , 100    , 0      , 0      , 0      , 0      , 0      , 0      
123 , 426806 , 426806 , 0      , 0      , 255    , 0      , 0      , 0      , 0      
124 , 427107 , 0      , 0      , 0      , 0      , 0      , 0      , 0      , 0      
125 , 427107 , 427107 , 0      , 100    , 0      , 0      , 0      , 0      , 0      
126 , 427107 , 427107 , 100    , 0      , 0      , 0      , 0      , 0      , 0      
127 , 427107 , 427107 , 0      , 0      , 255    , 0      , 0      , 0      , 0      
128 , 427407 , 0      , 0      , 0      , 0      , 0      , 0      , 0      , 0      
129 , 427407 , 427407 , 0      , 100    , 0      , 0      , 0      , 0      , 0      
130 , 427407 , 427407 , 100    , 0      , 0      , 0      , 0      , 0      , 0      
131 , 427407 , 427407 , 0      , 0      , 255    , 0      , 0      , 0      , 0      
132 , 427707 , 0      , 0      , 0      , 0      , 0      , 0      , 0      , 0      
133 , 427707 , 427707 , 0      , 100    , 0      , 0      , 0      , 0      , 0      
134 , 427707 , 427707 , 100    , 0      , 0      , 0      , 0      , 0      , 0      
135 , 427707 , 427707 , 0      , 0      , 255    , 0      , 0      , 0      , 0      
136 , 428008 , 0      , 0      , 0      , 0      , 0      , 0      , 0      , 0      
137 , 428008 , 428008 , 0      , 100    , 0      , 0      , 0      , 0      , 0      
138 , 428008 , 428008 , 100    , 0      , 0      , 0      , 0      , 0      , 0      
139 , 428008 , 428008 , 0      , 0      , 255    , 0      , 0      , 0      , 0      
140 , 428309 , 0      , 0      , 0      , 0      , 0      , 0      , 0      , 0      
141 , 428309 , 428309 , 0      , 100    , 0      , 0      , 0      , 0      , 0      
142 , 428309 , 428309 , 100    , 0      , 0      , 0      , 0      , 0      , 0      
143 , 428309 , 428309 , 0      , 0      , 255    , 0      , 0      , 0      , 0      
144 , 428610 , 0      , 0      , 0      , 0      , 0      , 0      , 0      , 0      
145 , 428610 , 428610 , 0      , 100    , 0      , 0      , 0      , 0      , 0      
146 , 428610 , 428610 , 100    , 0      , 0      , 0      , 0      , 0      , 0      
147 , 428610 , 428610 , 0      , 0      , 255    , 0      , 0      , 0      , 0      
148 , 428911 , 0      , 0      , 0      , 0      , 0      , 0      , 0      , 0      
149 , 428911 , 428911 , 0      , 100    , 0      , 0      , 0      , 0      , 0      
150 , 428911 , 428911 , 100    , 0      , 0      , 0      , 0      , 0      , 0      
151 , 428911 , 428911 , 0      , 0      , 255    , 0      , 0      , 0      , 0      
152 , 429212 , 0      , 0      , 0      , 0      , 0      , 0      , 0      , 0      
153 , 429212 , 429212 , 0      , 100    , 0      , 0      , 0      , 0      , 0      
154 , 429212 , 429212 , 100    , 0      , 0      , 0      , 0      , 0      , 0      
155 , 429212 , 429212 , 0      , 0      , 255    , 0      , 0      , 0      , 0      
156 , 429513 , 0      , 0      , 0      , 0      , 0      , 0      , 0      , 0      
157 , 429513 , 429513 , 0      , 100    , 0      , 0      , 0      , 0      , 0      
158 , 429513 , 429513 , 100    , 0      , 0      , 0      , 0      , 0      , 0      
159 , 429513 , 429513 , 0      , 0      , 255    , 0      , 0      , 0      , 0      
160 , 429813 , 0      , 0      , 0      , 0      , 0      , 0      , 0      , 0      
161 , 429813 , 429813 , 0      , 100    , 0      , 0      , 0      , 0      , 0      
162 , 429813 , 429813 , 100    , 0      , 0      , 0      , 0      , 0      , 0      
163 , 429813 , 429813 , 0      , 0      , 255    , 0      , 0      , 0      , 0      
164 , 430116 , 0      , 0      , 0      , 0      , 0      , 0      , 0      , 0      
165 , 430116 , 430116 , 0      , 100    , 0      , 0      , 0      , 0      , 0      
166 , 430116 , 430116 , 100    , 0      , 0      , 0      , 0      , 0      , 0      
167 , 430116 , 430116 , 0      , 0      , 255    , 0      , 0      , 0      , 0      
168 , 430416 , 0      , 0      , 0      , 0      , 0      , 0      , 0      , 0      
169 , 430416 , 430416 , 0      , 100    , 0      , 0      , 0      , 0      , 0      
170 , 430416 , 430416 , 100    , 0      , 0      , 0      , 0      , 0      , 0      
171 , 430416 , 430416 , 0      , 0      , 255    , 0      , 0      , 0      , 0      
172 , 430716 , 0      , 0      , 0      , 0      , 0      , 0      , 0      , 0      
173 , 430716 , 430716 , 0      , 100    , 0      , 0      , 0      , 0      , 0      
174 , 430716 , 430716 , 100    , 0      , 0      , 0      , 0      , 0      , 0      
175 , 430716 , 430716 , 0      , 0      , 255    , 0      , 0      , 0      , 0      
176 , 431017 , 0      , 0      , 0      , 0      , 0      , 0      , 0      , 0      
177 , 431017 , 431017 , 0      , 100    , 0      , 0      , 0      , 0      , 0      
178 , 431017 , 431017 , 100    , 0      , 0      , 0      , 0      , 0      , 0      
179 , 431017 , 431017 , 0      , 0      , 255    , 0      , 0      , 0      , 0      
180 , 431317 , 0      , 0      , 0      , 0      , 0      , 0      , 0      , 0      
181 , 431317 , 431317 , 0      , 100    , 0      , 0      , 0      , 0      , 0      
182 , 431317 , 431317 , 100    , 0      , 0      , 0      , 0      , 0      , 0      
183 , 431317 , 431317 , 0      , 0      , 255    , 0      , 0      , 0      , 0      
184 , 431617 , 0      , 0      , 0      , 0      , 0      , 0      , 0      , 0      
185 , 431617 , 431617 , 0      , 100    , 0      , 0      , 0      , 0      , 0      
186 , 431617 , 431617 , 100    , 0      , 0      , 0      , 0      , 0      , 0      
187 , 431617 , 431617 , 0      , 0      , 255    , 0      , 0      , 0      , 0      
188 , 431917 , 0      , 0      , 0      , 0      , 0      , 0      , 0      , 0      
189 , 431917 , 431917 , 0      , 100    , 0      , 0      , 0      , 0      , 0      
190 , 431917 , 431917 , 100    , 0      , 0      , 0      , 0      , 0      , 0      
191 , 431917 , 431917 , 0      , 0      , 255    , 0      , 0      , 0      , 0      
192 , 432218 , 0      , 0      , 0      , 0      , 0      , 0      , 0      , 0      
193 , 432218 , 432218 , 0      , 100    , 0      , 0      , 0      , 0      , 0      
194 , 432218 , 432218 , 100    , 0      , 0      , 0      , 0      , 0      , 0      
195 , 432218 , 432218 , 0      , 0      , 255    , 0      , 0      , 0      , 0      
196 , 432518 , 0      , 0      , 0      , 0      , 0      , 0      , 0      , 0      
197 , 432518 , 432518 , 0      , 100    , 0      , 0      , 0      , 0      , 0      
198 , 432518 , 432518 , 100    , 0      , 0      , 0      , 0      , 0      , 0      
199 , 432518 , 432518 , 0      , 0      , 255    , 0      , 0      , 0      , 0      
200 , 432819 , 0      , 0      , 0      , 0      , 0      , 0      , 0      , 0      
201 , 432819 , 432819 , 0      , 100    , 0      , 0      , 0      , 0      , 0      
202 , 432819 , 432819 , 100    , 0      , 0      , 0      , 0      , 0      , 0      
203 , 432819 , 432819 , 0      , 0      , 255    , 0      , 0      , 0      , 0      
204 , 433120 , 0      , 0      , 0      , 0      , 0      , 0      , 0      , 0      
205 , 433120 , 433120 , 0      , 81     , 0      , 0      , 0      , 0      , 0      
206 , 433120 , 433120 , 100    , 0      , 0      , 0      , 0      , 0      , 0      
207 , 433120 , 433120 , 0      , 0      , 255    , 0      , 0      , 0      , 0      
208 , 433420 , 0      , 0      , 0      , 0      , 0      , 0      , 0      , 0      
209 , 433420 , 433420 , 0      , 4      , 0      , 0      , 0      , 0      , 0      
210 , 433420 , 433420 , 100    , 0      , 0      , 0      , 0      , 0      , 0      
211 , 433420 , 433420 , 0      , 0      , 255    , 0      , 0      , 0      , 0      
212 , 433720 , 0      , 0      , 0      , 0      , 0      , 0      , 0      , 0      
213 , 433720 , 433720 , 0      , 3      , 0      , 0      , 0      , 0      , 0      
214 , 433720 , 433720 , 100    , 0      , 0      , 0      , 0      , 0      , 0      
215 , 433720 , 433720 , 0      , 0      , 255    , 0      , 0      , 0      , 0      
216 , 434020 , 0      , 0      , 0      , 0      , 0      , 0      , 0      , 0      
217 , 434020 , 434020 , 0      , 4      , 0      , 0      , 0      , 0      , 0      
218 , 434020 , 434020 , 100    , 0      , 0      , 0      , 0      , 0      , 0      
219 , 434020 , 434020 , 0      , 0      , 255    , 0      , 0      , 0      , 0      
220 , 434321 , 0      , 0      , 0      , 0      , 0      , 0      , 0      , 0      
221 , 434321 , 434321 , 0      , 14     , 0      , 0      , 0      , 0      , 0      
222 , 434321 , 434321 , 100    , 0      , 0      , 0      , 0      , 0      , 0      
223 , 434321 , 434321 , 0      , 0      , 255    , 0      , 0      , 0      , 0      
224 , 434621 , 0      , 0      , 0      , 0      , 0      , 0      , 0      , 0      
225 , 434621 , 434621 , 0      , 100    , 0      , 0      , 0      , 0      , 0      
226 , 434621 , 434621 , 100    , 0      , 0      , 0      , 0      , 0      , 0      
227 , 434621 , 434621 , 0      , 0      , 255    , 0      , 0      , 0      , 0      
228 , 434921 , 0      , 0      , 0      , 0      , 0      , 0      , 0      , 0      
229 , 434921 , 434921 , 0      , 100    , 0      , 0      , 0      , 0      , 0      
230 , 434921 , 434921 , 100    , 0      , 0      , 0      , 0      , 0      , 0      
231 , 434921 , 434921 , 0      , 0      , 255    , 0      , 0      , 0      , 0      
232 , 435222 , 0      , 0      , 0      , 0      , 0      , 0      , 0      , 0      
233 , 435222 , 435222 , 0      , 100    , 0      , 0      , 0      , 0      , 0      
234 , 435222 , 435222 , 100    , 0      , 0      , 0      , 0      , 0      , 0      
235 , 435222 , 435222 , 0      , 0      , 255    , 0      , 0      , 0      , 0      
236 , 435522 , 0      , 0      , 0      , 0      , 0      , 0      , 0      , 0      
237 , 435522 , 435522 , 0      , 100    , 0      , 0      , 0      , 0      , 0      
238 , 435522 , 435522 , 100    , 0      , 0      , 0      , 0      , 0      , 0      
239 , 435522 , 435522 , 0      , 0      , 255    , 0      , 0      , 0      , 0      
240 , 435822 , 0      , 0      , 0      , 0      , 0      , 0      , 0      , 0      
241 , 435822 , 435822 , 0      , 100    , 0      , 0      , 0      , 0      , 0      
242 , 435822 , 435822 , 100    , 0      , 0      , 0      , 0      , 0      , 0      
243 , 435822 , 435822 , 0      , 0      , 255    , 0      , 0      , 0      , 0      
244 , 436123 , 0      , 0      , 0      , 0      , 0      , 0      , 0      , 0      
245 , 436123 , 436123 , 0      , 100    , 0      , 0      , 0      , 0      , 0      
246 , 436123 , 436123 , 100    , 0      , 0      , 0      , 0      , 0      , 0      
247 , 436123 , 436123 , 0      , 0      , 255    , 0      , 0      , 0      , 0      
248 , 436424 , 0      , 0      , 0      , 0      , 0      , 0      , 0      , 0      
249 , 436424 , 436424 , 0      , 100    , 0      , 0      , 0      , 0      , 0      
250 , 436424 , 436424 , 100    , 0      , 0      , 0      , 0      , 0      , 0      
251 , 436424 , 436424 , 0      , 0      , 255    , 0      , 0      , 0      , 0      
252 , 436724 , 0      , 0      , 0      , 0      , 0      , 0      , 0      , 0      
253 , 436724 , 436724 , 0      , 100    , 0      , 0      , 0      , 0      , 0      
254 , 436724 , 436724 , 100    , 0      , 0      , 0      , 0      , 0      , 0      
255 , 436724 , 436724 , 0      , 0      , 255    , 0      , 0      , 0      , 0      
256 , 437025 , 0      , 0      , 0      , 0      , 0      , 0      , 0      , 0      
257 , 437025 , 437025 , 0      , 100    , 0      , 0      , 0      , 0      , 0      
258 , 437025 , 437025 , 100    , 0      , 0      , 0      , 0      , 0      , 0      
259 , 437025 , 437025 , 0      , 0      , 255    , 0      , 0      , 0      , 0      
260 , 437327 , 0      , 0      , 0      , 0      , 0      , 0      , 0      , 0      
261 , 437327 , 437327 , 0      , 100    , 0      , 0      , 0      , 0      , 0      
262 , 437327 , 437327 , 100    , 0      , 0      , 0      , 0      , 0      , 0      
263 , 437327 , 437327 , 0      , 0      , 255    , 0      , 0      , 0      , 0      
264 , 437627 , 0      , 0      , 0      , 0      , 0      , 0      , 0      , 0      
265 , 437627 , 437627 , 0      , 100    , 0      , 0      , 0      , 0      , 0      
266 , 437627 , 437627 , 100    , 0      , 0      , 0      , 0      , 0      , 0      
267 , 437627 , 437627 , 0      , 0      , 255    , 0      , 0      , 0      , 0      
268 , 437928 , 0      , 0      , 0      , 0      , 0      , 0      , 0      , 0      
269 , 437928 , 437928 , 0      , 100    , 0      , 0      , 0      , 0      , 0      
270 , 437928 , 437928 , 100    , 0      , 0      , 0      , 0      , 0      , 0      
271 , 437928 , 437928 , 0      , 0      , 255    , 0      , 0      , 0      , 0      
272 , 438228 , 0      , 0      , 0      , 0      , 0      , 0      , 0      , 0      
273 , 438228 , 438228 , 0      , 100    , 0      , 0      , 0      , 0      , 0      
274 , 438228 , 438228 , 100    , 0      , 0      , 0      , 0      , 0      , 0      
275 , 438228 , 438228 , 0      , 0      , 255    , 0      , 0      , 0      , 0      
276 , 438528 , 0      , 0      , 0      , 0      , 0      , 0      , 0      , 0      
277 , 438528 , 438528 , 0      , 100    , 0      , 0      , 0      , 0      , 0      
278 , 438528 , 438528 , 100    , 0      , 0      , 0      , 0      , 0      , 0      
279 , 438528 , 438528 , 0      , 0      , 255    , 0      , 0      , 0      , 0      
280 , 438829 , 0      , 0      , 0      , 0      , 0      , 0      , 0      , 0      
281 , 438829 , 438829 , 0      , 100    , 0      , 0      , 0      , 0      , 0      
282 , 438829 , 438829 , 100    , 0      , 0      , 0      , 0      , 0      , 0      
283 , 438829 , 438829 , 0      , 0      , 255    , 0      , 0      , 0      , 0      
284 , 439129 , 0      , 0      , 0      , 0      , 0      , 0      , 0      , 0      
285 , 439129 , 439129 , 0      , 100    , 0      , 0      , 0      , 0      , 0      
286 , 439129 , 439129 , 100    , 0      , 0      , 0      , 0      , 0      , 0      
287 , 439129 , 439129 , 0      , 0      , 255    , 0      , 0      , 0      , 0      
288 , 439430 , 0      , 0      , 0      , 0      , 0      , 0      , 0      , 0      
289 , 439430 , 439430 , 0      , 100    , 0      , 0      , 0      , 0      , 0      
290 , 439430 , 439430 , 100    , 0      , 0      , 0      , 0      , 0      , 0      
291 , 439430 , 439430 , 0      , 0      , 255    , 0      , 0      , 0      , 0      
292 , 439730 , 0      , 0      , 0      , 0      , 0      , 0      , 0      , 0      
293 , 439730 , 439730 , 0      , 100    , 0      , 0      , 0      , 0      , 0      
294 , 439730 , 439730 , 100    , 0      , 0      , 0      , 0      , 0      , 0      
295 , 439730 , 439730 , 0      , 0      , 255    , 0      , 0      , 0      , 0      
296 , 440031 , 0      , 0      , 0      , 0      , 0      , 0      , 0      , 0      
297 , 440031 , 440031 , 0      , 100    , 0      , 0      , 0      , 0      , 0      
298 , 440031 , 440031 , 100    , 0      , 0      , 0      , 0      , 0      , 0      
299 , 440031 , 440031 , 0      , 0      , 255    , 0      , 0      , 0      , 0      
300 , 440331 , 0      , 0      , 0      , 0      , 0      , 0      , 0      , 0      
301 , 440331 , 440331 , 0      , 100    , 0      , 0      , 0      , 0      , 0      
302 , 440331 , 440331 , 100    , 0      , 0      , 0      , 0      , 0      , 0      
303 , 440331 , 440331 , 0      , 0      , 255    , 0      , 0      , 0      , 0      
304 , 440632 , 0      , 0      , 0      , 0      , 0      , 0      , 0      , 0      
305 , 440632 , 440632 , 0      , 100    , 0      , 0      , 0      , 0      , 0      
306 , 440632 , 440632 , 100    , 0      , 0      , 0      , 0      , 0      , 0      
307 , 440632 , 440632 , 0      , 0      , 255    , 0      , 0      , 0      , 0      
308 , 440933 , 0      , 0      , 0      , 0      , 0      , 0      , 0      , 0      
309 , 440933 , 440933 , 0      , 100    , 0      , 0      , 0      , 0      , 0      
310 , 440933 , 440933 , 100    , 0      , 0      , 0      , 0      , 0      , 0      
311 , 440933 , 440933 , 0      , 0      , 255    , 0      , 0      , 0      , 0      
312 , 441234 , 0      , 0      , 0      , 0      , 0      , 0      , 0      , 0      
313 , 441234 , 441234 , 0      , 100    , 0      , 0      , 0      , 0      , 0      
314 , 441234 , 441234 , 100    , 0      , 0      , 0      , 0      , 0      , 0      
315 , 441234 , 441234 , 0      , 0      , 255    , 0      , 0      , 0      , 0      
316 , 441537 , 0      , 0      , 0      , 0      , 0      , 0      , 0      , 0      
317 , 441537 , 441537 , 0      , 100    , 0      , 0      , 0      , 0      , 0      
318 , 441537 , 441537 , 100    , 0      , 0      , 0      , 0      , 0      , 0      
319 , 441537 , 441537 , 0      , 0      , 255    , 0      , 0      , 0      , 0      
320 , 441837 , 0      , 0      , 0      , 0      , 0      , 0      , 0      , 0      
321 , 441837 , 441837 , 0      , 100    , 0      , 0      , 0      , 0      , 0      
322 , 441837 , 441837 , 100    , 0      , 0      , 0      , 0      , 0      , 0      
323 , 441837 , 441837 , 0      , 0      , 255    , 0      , 0      , 0      , 0      
324 , 442138 , 0      , 0      , 0      , 0      , 0      , 0      , 0      , 0      
325 , 442138 , 442138 , 0      , 100    , 0      , 0      , 0      , 0      , 0      
326 , 442138 , 442138 , 100    , 0      , 0      , 0      , 0      , 0      , 0      
327 , 442138 , 442138 , 0      , 0      , 255    , 0      , 0      , 0      , 0      
328 , 442438 , 0      , 0      , 0      , 0      , 0      , 0      , 0      , 0      
329 , 442438 , 442438 , 0      , 100    , 0      , 0      , 0      , 0      , 0      
330 , 442438 , 442438 , 100    , 0      , 0      , 0      , 0      , 0      , 0      
331 , 442438 , 442438 , 0      , 0      , 255    , 0      , 0      , 0      , 0      
332 , 442738 , 0      , 0      , 0      , 0      , 0      , 0      , 0      , 0      
333 , 442738 , 442738 , 0      , 100    , 0      , 0      , 0      , 0      , 0      
334 , 442738 , 442738 , 100    , 0      , 0      , 0      , 0      , 0      , 0      
335 , 442738 , 442738 , 0      , 0      , 255    , 0      , 0      , 0      , 0      
336 , 443038 , 0      , 0      , 0      , 0      , 0      , 0      , 0      , 0      
337 , 443038 , 443038 , 0      , 100    , 0      , 0      , 0      , 0      , 0      
338 , 443038 , 443038 , 100    , 0      , 0      , 0      , 0      , 0      , 0      
339 , 443038 , 443038 , 0      , 0      , 255    , 0      , 0      , 0      , 0      
340 , 443338 , 0      , 0      , 0      , 0      , 0      , 0      , 0      , 0      
341 , 443338 , 443338 , 0      , 100    , 0      , 0      , 0      , 0      , 0      
342 , 443338 , 443338 , 100    , 0      , 0      , 0      , 0      , 0      , 0      
343 , 443338 , 443338 , 0      , 0      , 255    , 0      , 0      , 0      , 0      
344 , 443639 , 0      , 0      , 0      , 0      , 0      , 0      , 0      , 0      
345 , 443639 , 443639 , 0      , 100    , 0      , 0      , 0      , 0      , 0      
346 , 443639 , 443639 , 100    , 0      , 0      , 0      , 0      , 0      , 0      
347 , 443639 , 443639 , 0      , 0      , 255    , 0      , 0      , 0      , 0      
348 , 443940 , 0      , 0      , 0      , 0      , 0      , 0      , 0      , 0      
349 , 443940 , 443940 , 0      , 100    , 0      , 0      , 0      , 0      , 0      
350 , 443940 , 443940 , 100    , 0      , 0      , 0      , 0      , 0      , 0      
351 , 443940 , 443940 , 0      , 0      , 255    , 0      , 0      , 0      , 0      
352 , 444241 , 0      , 0      , 0      , 0      , 0      , 0      , 0      , 0      
353 , 444241 , 444241 , 0      , 100    , 0      , 0      , 0      , 0      , 0      
354 , 444241 , 444241 , 100    , 0      , 0      , 0      , 0      , 0      , 0      
355 , 444241 , 444241 , 0      , 0      , 255    , 0      , 0      , 0      , 0      
356 , 444541 , 0      , 0      , 0      , 0      , 0      , 0      , 0      , 0      
357 , 444541 , 444541 , 0      , 100    , 0      , 0      , 0      , 0      , 0      
358 , 444541 , 444541 , 100    , 0      , 0      , 0      , 0      , 0      , 0      
359 , 444541 , 444541 , 0      , 0      , 255    , 0      , 0      , 0      , 0      
360 , 444842 , 0      , 0      , 0      , 0      , 0      , 0      , 0      , 0      
361 , 444842 , 444842 , 0      , 100    , 0      , 0      , 0      , 0      , 0      
362 , 444842 , 444842 , 100    , 0      , 0      , 0      , 0      , 0      , 0      
363 , 444842 , 444842 , 0      , 0      , 255    , 0      , 0      , 0      , 0      
364 , 445142 , 0      , 0      , 0      , 0      , 0      , 0      , 0      , 0      
365 , 445142 , 445142 , 0      , 100    , 0      , 0      , 0      , 0      , 0      
366 , 445142 , 445142 , 100    , 0      , 0      , 0      , 0      , 0      , 0      
367 , 445142 , 445142 , 0      , 0      , 255    , 0      , 0      , 0      , 0      
368 , 445443 , 0      , 0      , 0      , 0      , 0      , 0      , 0      , 0      
369 , 445443 , 445443 , 0      , 100    , 0      , 0      , 0      , 0      , 0      
370 , 445443 , 445443 , 100    , 0      , 0      , 0      , 0      , 0      , 0      
371 , 445443 , 445443 , 0      , 0      , 255    , 0      , 0      , 0      , 0      
372 , 445743 , 0      , 0      , 0      , 0      , 0      , 0      , 0      , 0      
373 , 445743 , 445743 , 0      , 100    , 0      , 0      , 0      , 0      , 0      
374 , 445743 , 445743 , 100    , 0      , 0      , 0      , 0      , 0      , 0      
375 , 445743 , 445743 , 0      , 0      , 255    , 0      , 0      , 0      , 0      
376 , 446044 , 0      , 0      , 0      , 0      , 0      , 0      , 0      , 0      
377 , 446044 , 446044 , 0      , 100    , 0      , 0      , 0      , 0      , 0      
378 , 446044 , 446044 , 100    , 0      , 0      , 0      , 0      , 0      , 0      
379 , 446044 , 446044 , 0      , 0      , 255    , 0      , 0      , 0      , 0      
380 , 446344 , 0      , 0      , 0      , 0      , 0      , 0      , 0      , 0      
381 , 446344 , 446344 , 0      , 100    , 0      , 0      , 0      , 0      , 0      
382 , 446344 , 446344 , 100    , 0      , 0      , 0      , 0      , 0      , 0      
383 , 446344 , 446344 , 0      , 0      , 255    , 0      , 0      , 0      , 0      
384 , 446644 , 0      , 0      , 0      , 0      , 0      , 0      , 0      , 0      
385 , 446644 , 446644 , 0      , 100    , 0      , 0      , 0      , 0      , 0      
386 , 446644 , 446644 , 100    , 0      , 0      , 0      , 0      , 0      , 0      
387 , 446644 , 446644 , 0      , 0      , 255    , 0      , 0      , 0      , 0      
388 , 446944 , 0      , 0      , 0      , 0      , 0      , 0      , 0      , 0      
389 , 446944 , 446944 , 0      , 100    , 0      , 0      , 0      , 0      , 0      
390 , 446944 , 446944 , 100    , 0      , 0      , 0      , 0      , 0      , 0      
391 , 446944 , 446944 , 0      , 0      , 255    , 0      , 0      , 0      , 0      
392 , 447244 , 0      , 0      , 0      , 0      , 0      , 0      , 0      , 0      
393 , 447244 , 447244 , 0      , 100    , 0      , 0      , 0      , 0      , 0      
394 , 447244 , 447244 , 100    , 0      , 0      , 0      , 0      , 0      , 0      
395 , 447244 , 447244 , 0      , 0      , 255    , 0      , 0      , 0      , 0      
396 , 447544 , 0      , 0      , 0      , 0      , 0      , 0      , 0      , 0      
397 , 447544 , 447544 , 0      , 100    , 0      , 0      , 0      , 0      , 0      
398 , 447544 , 447544 , 100    , 0      , 0      , 0      , 0      , 0      , 0      
399 , 447544 , 447544 , 0      , 0      , 255    , 0      , 0      , 0      , 0      
400 , 447845 , 0      , 0      , 0      , 0      , 0      , 0      , 0      , 0      
401 , 447845 , 447845 , 0      , 36     , 0      , 0      , 0      , 0      , 0      
402 , 447845 , 447845 , 13     , 0      , 0      , 0      , 0      , 0      , 0      
403 , 447845 , 447845 , 0      , 0      , 255    , 0      , 0      , 0      , 0      
404 , 448146 , 0      , 0      , 0      , 0      , 0      , 0      , 0      , 0      
405 , 448146 , 448146 , 0      , 3      , 0      , 0      , 0      , 0      , 0      
406 , 448146 , 448146 , 1      , 0      , 0      , 0      , 0      , 0      , 0      
407 , 448146 , 448146 , 0      , 0      , 255    , 0      , 0      , 0      , 0      
408 , 448447 , 0      , 0      , 0      , 0      , 0      , 0      , 0      , 0      
409 , 448447 , 448447 , 0      , 2      , 0      , 0      , 0      , 0      , 0      
410 , 448447 , 448447 , 0      , 0      , 0      , 0      , 0      , 0      , 0      
411 , 448447 , 448447 , 0      , 0      , 255    , 0      , 0      , 0      , 0      
412 , 448747 , 0      , 0      , 0      , 0      , 4      , 0      , 0      , 0      
413 , 448747 , 448747 , 0      , 1      , 0      , 0      , 0      , 0      , 0      
414 , 448747 , 448747 , 0      , 0      , 0      , 0      , 0      , 0      , 0      
415 , 448747 , 448747 , 0      , 0      , 255    , 0      , 0      , 0      , 0      
416 , 449049 , 0      , 0      , 0      , 0      , 5      , 0      , 0      , 0      
417 , 449049 , 449049 , 0      , 2      , 0      , 0      , 0      , 0      , 0      
418 , 449049 , 449049 , 4      , 0      , 0      , 0      , 0      , 0      , 0      
419 , 449049 , 449049 , 0      , 0      , 255    , 0      , 0      , 0      , 0      
420 , 449349 , 0      , 0      , 0      , 0      , -1     , 0      , 0      , 0      
421 , 449349 , 449349 , 0      , 1      , 0      , 0      , 0      , 0      , 0      
422 , 449349 , 449349 , 2      , 0      , 0      , 0      , 0      , 0      , 0      
423 , 449349 , 449349 , 0      , 0      , 255    , 0      , 0      , 0      , 0      
424 , 449649 , 0      , 0      , 0      , 0      , -3     , 0      , 0      , 0      
425 , 449649 , 449649 , 0      , 1      , 0      , 0      , 0      , 0      , 0      
426 , 449649 , 449649 , 8      , 0      , 0      , 0      , 0      , 0      , 0      
427 , 449649 , 449649 , 0      , 0      , 255    , 0      , 0      , 0      , 0      
428 , 449949 , 0      , 0      , 0      , 0      , -2     , 0      , 0      , 0      
429 , 449949 , 449949 , 0      , 1      , 0      , 0      , 0      , 0      , 0      
430 , 449949 , 449949 , 1      , 0      , 0      , 0      , 0      , 0      , 0      
431 , 449949 , 449949 , 0      , 0      , 255    , 0      , 0      , 0      , 0      
432 , 450249 , 0      , 0      , 0      , 0      , 0      , 0      , 0      , 0      
433 , 450249 , 450249 , 0      , 2      , 0      , 0      , 0      , 0      , 0      
434 , 450249 , 450249 , 1      , 0      , 0      , 0      , 0      , 0      , 0      
435 , 450249 , 450249 , 0      , 0      , 255    , 0      , 0      , 0      , 0      
436 , 450550 , 0      , 0      , 0      , 0      , 0      , 0      , 0      , 0      
437 , 450550 , 450550 , 0      , 1      , 0      , 0      , 0      , 0      , 0      
438 , 450550 , 450550 , 0      , 0      , 0      , 0      , 0      , 0      , 0      
439 , 450550 , 450550 , 0      , 0      , 255    , 0      , 0      , 0      , 0      
440 , 450850 , 0      , 0      , 0      , 0      , 0      , 0      , 0      , 0      
441 , 450850 , 450850 , 0      , 2      , 0      , 0      , 0      , 0      , 0      
442 , 450850 , 450850 , 1      , 0      , 0      , 0      , 0      , 0      , 0      
443 , 450850 , 450850 , 0      , 0      , 255    , 0      , 0      , 0      , 0      
444 , 451151 , 0      , 0      , 0      , 0      , 0      , 0      , 0      , 0      
445 , 451151 , 451151 , 0      , 1      , 0      , 0      , 0      , 0      , 0      
446 , 451151 , 451151 , 1      , 0      , 0      , 0      , 0      , 0      , 0      
447 , 451151 , 451151 , 0      , 0      , 255    , 0      , 0      , 0      , 0      
448 , 451452 , 0      , 0      , 0      , 0      , 0      , 0      , 0      , 0      
449 , 451452 , 451452 , 0      , 2      , 0      , 0      , 0      , 0      , 0      
450 , 451452 , 451452 , 1      , 0      , 0      , 0      , 0      , 0      , 0      
451 , 451452 , 451452 , 0      , 0      , 255    , 0      , 0      , 0      , 0      
452 , 451753 , 0      , 0      , 0      , 0      , 0      , 0      , 0      , 0      
453 , 451753 , 451753 , 0      , 2      , 0      , 0      , 0      , 0      , 0      
454 , 451753 , 451753 , 1      , 0      , 0      , 0      , 0      , 0      , 0      
455 , 451753 , 451753 , 0      , 0      , 255    , 0      , 0      , 0      , 0      
456 , 452053 , 0      , 0      , 0      , 0      , 0      , 0      , 0      , 0      
457 , 452053 , 452053 , 0      , 1      , 0      , 0      , 0      , 0      , 0      
458 , 452053 , 452053 , 1      , 0      , 0      , 0      , 0      , 0      , 0      
459 , 452053 , 452053 , 0      , 0      , 255    , 0      , 0      , 0      , 0      
460 , 452353 , 0      , 0      , 0      , 0      , 1      , 0      , 0      , 0      
461 , 452353 , 452353 , 0      , 1      , 0      , 0      , 0      , 0      , 0      
462 , 452353 , 452353 , 1      , 0      , 0      , 0      , 0      , 0      , 0      
463 , 452353 , 452353 , 0      , 0      , 255    , 0      , 0      , 0      , 0      
464 , 452653 , 0      , 0      , 0      , 0      , 0      , 0      , 0      , 0      
465 , 452653 , 452653 , 0      , 1      , 0      , 0      , 0      , 0      , 0      
466 , 452653 , 452653 , 0      , 0      , 0      , 0      , 0      , 0      , 0      
467 , 452653 , 452653 , 0      , 0      , 255    , 0      , 0      , 0      , 0      
468 , 452956 , 0      , 0      , 0      , 0      , 0      , 0      , 0      , 0      
469 , 452956 , 452956 , 0      , 1      , 0      , 0      , 0      , 0      , 0      
470 , 452956 , 452956 , 1      , 0      , 0      , 0      , 0      , 0      , 0      
471 , 452956 , 452956 , 0      , 0      , 255    , 0      , 0      , 0      , 0      
472 , 453257 , 0      , 0      , 0      , 0      , -1     , 0      , 0      , 0      
473 , 453257 , 453257 , 0      , 1      , 0      , 0      , 0      , 0      , 0      
474 , 453257 , 453257 , 0      , 0      , 0      , 0      , 0      , 0      , 0      
475 , 453257 , 453257 , 0      , 0      , 149    , 0      , 0      , 0      , 0      
476 , 453557 , 0      , 0      , 0      , 0      , -2     , 0      , 0      , 0      
477 , 453557 , 453557 , 0      , 1      , 0      , 0      , 0      , 0      , 0      
478 , 453557 , 453557 , 0      , 0      , 0      , 0      , 0      , 0      , 0      
479 , 453557 , 453557 , 0      , 0      , 255    , 0      , 0      , 0      , 0      
480 , 453857 , 0      , 0      , 0      , 0      , 0      , 0      , 0      , 0      
481 , 453857 , 453857 , 0      , 1      , 0      , 0      , 0      , 0      , 0      
482 , 453857 , 453857 , 0      , 0      , 0      , 0      , 0      , 0      , 0      
483 , 453857 , 453857 , 0      , 0      , 255    , 0      , 0      , 0      , 0      
484 , 454158 , 0      , 0      , 0      , 0      , 1      , 0      , 0      , 0      
485 , 454158 , 454158 , 0      , 3      , 0      , 0      , 0      , 0      , 0      
486 , 454158 , 454158 , 1      , 0      , 0      , 0      , 0      , 0      , 0      
487 , 454158 , 454158 , 0      , 0      , 255    , 0      , 0      , 0      , 0      
488 , 454459 , 0      , 0      , 0      , 0      , 2      , 0      , 0      , 0      
489 , 454459 , 454459 , 0      , 6      , 0      , 0      , 0      , 0      , 0      
490 , 454459 , 454459 , 7      , 0      , 0      , 0      , 0      , 0      , 0      
491 , 454459 , 454459 , 0      , 0      , 255    , 0      , 0      , 0      , 0      
492 , 454759 , 0      , 0      , 0      , 0      , 1      , 0      , 0      , 0      
493 , 454759 , 454759 , 0      , 6      , 0      , 0      , 0      , 0      , 0      
494 , 454759 , 454759 , 1      , 0      , 0      , 0      , 0      , 0      , 0      
495 , 454759 , 454759 , 0      , 0      , 255    , 0      , 0      , 0      , 0      
496 , 455059 , 0      , 0      , 0      , 0      , -3     , 0      , 0      , 0      
497 , 455059 , 455059 , 0      , 36     , 0      , 0      , 0      , 0      , 0      
498 , 455059 , 455059 , 47     , 0      , 0      , 0      , 0      , 0      , 0      
499 , 455059 , 455059 , 0      , 0      , 255    , 0      , 0      , 0      , 0      
500 , 455359 , 0      , 0      , 0      , 0      , -7     , 0      , 0      , 0      
501 , 455359 , 455359 , 0      , 42     , 0      , 0      , 0      , 0      , 0      
502 , 455359 , 455359 , 100    , 0      , 0      , 0      , 0      , 0      , 0      
503 , 455359 , 455359 , 0      , 0      , 255    , 0      , 0      , 0      , 0      
504 , 455659 , 0      , 0      , 0      , 0      , -9     , 0      , 0      , 0      
505 , 455659 , 455659 , 0      , 44     , 0      , 0      , 0      , 0      , 0      
506 , 455659 , 455659 , 100    , 0      , 0      , 0      , 0      , 0      , 0      
507 , 455659 , 455659 , 0      , 0      , 255    , 0      , 0      , 0      , 0      
508 , 455960 , 0      , 0      , 0      , 0      , -7     , 0      , 0      , 0      
509 , 455960 , 455960 , 0      , 45     , 0      , 0      , 0      , 0      , 0      
510 , 455960 , 455960 , 100    , 0      , 0      , 0      , 0      , 0      , 0      
511 , 455960 , 455960 , 0      , 0      , 255    , 0      , 0      , 0      , 0      
512 , 456261 , 0      , 0      , 0      , 0      , -5     , 0      , 0      , 0      
513 , 456261 , 456261 , 0      , 44     , 0      , 0      , 0      , 0      , 0      
514 , 456261 , 456261 , 100    , 0      , 0      , 0      , 0      , 0      , 0      
515 , 456261 , 456261 , 0      , 0      , 255    , 0      , 0      , 0      , 0      
516 , 456562 , 0      , 0      , 0      , 0      , -4     , 0      , 0      , 0      
517 , 456562 , 456562 , 0      , 44     , 0      , 0      , 0      , 0      , 0      
518 , 456562 , 456562 , 100    , 0      , 0      , 0      , 0      , 0      , 0      
519 , 456562 , 456562 , 0      , 0      , 255    , 0      , 0      , 0      , 0      
520 , 456862 , 0      , 0      , 0      , 0      , -1     , 0      , 0      , 0      
521 , 456862 , 456862 , 0      , 42     , 0      , 0      , 0      , 0      , 0      
522 , 456862 , 456862 , 100    , 0      , 0      , 0      , 0      , 0      , 0      
523 , 456862 , 456862 , 0      , 0      , 255    , 0      , 0      , 0      , 0      
524 , 457164 , 0      , 0      , 0      , 0      , 0      , 0      , 0      , 0      
525 , 457164 , 457164 , 0      , 42     , 0      , 0      , 0      , 0      , 0      
526 , 457164 , 457164 , 100    , 0      , 0      , 0      , 0      , 0      , 0      
527 , 457164 , 457164 , 0      , 0      , 255    , 0      , 0      , 0      , 0      
528 , 457465 , 0      , 0      , 0      , 0      , -1     , 0      , 0      , 0      
529 , 457465 , 457465 , 0      , 41     , 0      , 0      , 0      , 0      , 0      
530 , 457465 , 457465 , 100    , 0      , 0      , 0      , 0      , 0      , 0      
531 , 457465 , 457465 , 0      , 0      , 255    , 0      , 0      , 0      , 0      
532 , 457766 , 0      , 0      , 0      , 0      , -1     , 0      , 0      , 0      
533 , 457766 , 457766 , 0      , 41     , 0      , 0      , 0      , 0      , 0      
534 , 457766 , 457766 , 100    , 0      , 0      , 0      , 0      , 0      , 0      
535 , 457766 , 457766 , 0      , 0      , 255    , 0      , 0      , 0      , 0      
536 , 458067 , 0      , 0      , 0      , 0      , -1     , 0      , 0      , 0      
537 , 458067 , 458067 , 0      , 38     , 0      , 0      , 0      , 0      , 0      
538 , 458067 , 458067 , 100    , 0      , 0      , 0      , 0      , 0      , 0      
539 , 458067 , 458067 , 0      , 0      , 255    , 0      , 0      , 0      , 0      
540 , 458368 , 0      , 0      , 0      , 0      , -1     , 0      , 0      , 0      
541 , 458368 , 458368 , 0      , 38     , 0      , 0      , 0      , 0      , 0      
542 , 458368 , 458368 , 100    , 0      , 0      , 0      , 0      , 0      , 0      
543 , 458368 , 458368 , 0      , 0      , 255    , 0      , 0      , 0      , 0      
544 , 458668 , 0      , 0      , 0      , 0      , -1     , 0      , 0      , 0      
545 , 458668 , 458668 , 0      , 39     , 0      , 0      , 0      , 0      , 0      
546 , 458668 , 458668 , 100    , 0      , 0      , 0      , 0      , 0      , 0      
547 , 458668 , 458668 , 0      , 0      , 255    , 0      , 0      , 0      , 0      
548 , 458968 , 0      , 0      , 0      , 0      , -1     , 0      , 0      , 0      
549 , 458968 , 458968 , 0      , 39     , 0      , 0      , 0      , 0      , 0      
550 , 458968 , 458968 , 100    , 0      , 0      , 0      , 0      , 0      , 0      
551 , 458968 , 458968 , 0      , 0      , 255    , 0      , 0      , 0      , 0      
552 , 459268 , 0      , 0      , 0      , 0      , -1     , 0      , 0      , 0      
553 , 459268 , 459268 , 0      , 39     , 0      , 0      , 0      , 0      , 0      
554 , 459268 , 459268 , 100    , 0      , 0      , 0      , 0      , 0      , 0      
555 , 459268 , 459268 , 0      , 0      , 255    , 0      , 0      , 0      , 0      
556 , 459568 , 0      , 0      , 0      , 0      , -1     , 0      , 0      , 0      
557 , 459568 , 459568 , 0      , 39     , 0      , 0      , 0      , 0      , 0      
558 , 459568 , 459568 , 100    , 0      , 0      , 0      , 0      , 0      , 0      
559 , 459568 , 459568 , 0      , 0      , 255    , 0      , 0      , 0      , 0      
560 , 459868 , 0      , 0      , 0      , 0      , -1     , 0      , 0      , 0      
561 , 459868 , 459868 , 0      , 40     , 0      , 0      , 0      , 0      , 0      
562 , 459868 , 459868 , 100    , 0      , 0      , 0      , 0      , 0      , 0      
563 , 459868 , 459868 , 0      , 0      , 130    , 0      , 0      , 0      , 0      
564 , 460154 , 0      , 0      , 0      , 0      , 0      , 0      , 0      , 1      
565 , 460154 , 0      , 0      , 39     , 0      , 0      , 0      , 0      , 1      
566 , 460154 , 0      , 0      , 0      , 0      , -1     , 0      , 0      , 1      
567 , 460254 , 100    , 0      , 0      , 0      , 0      , 47     , 50     , 1      
568 , 460254 , 100    , 0      , 39     , 0      , 0      , 0      , 0      , 1      
569 , 460254 , 0      , 0      , 0      , 0      , -1     , 0      , 0      , 1      
570 , 460354 , 200    , 0      , 0      , 0      , 0      , 144    , 150    , 1      
571 , 460354 , 200    , 0      , 40     , 0      , 0      , 0      , 0      , 1      
572 , 460354 , 0      , 0      , 0      , 0      , -1     , 0      , 0      , 1      
573 , 460454 , 300    , 0      , 0      , 0      , 0      , 248    , 252    , 1      
574 , 460454 , 300    , 0      , 41     , 0      , 0      , 0      , 0      , 1      
575 , 460454 , 0      , 0      , 0      , 0      , -1     , 0      , 0      , 1      
576 , 460554 , 400    , 0      , 0      , 0      , 0      , 353    , 354    , 1      
577 , 460554 , 400    , 0      , 42     , 0      , 0      , 0      , 0      , 1      
578 , 460554 , 0      , 0      , 0      , 0      , -1     , 0      , 0      , 1      
579 , 460654 , 500    , 0      , 0      , 0      , 0      , 457    , 454    , 1      
580 , 460654 , 500    , 0      , 43     , 0      , 0      , 0      , 0      , 1      
581 , 460654 , 0      , 0      , 0      , 0      , 0      , 0      , 0      , 1      
582 , 460754 , 600    , 0      , 0      , 0      , 0      , 565    , 557    , 1      
583 , 460754 , 600    , 0      , 42     , 0      , 0      , 0      , 0      , 1      
584 , 460754 , 0      , 0      , 0      , 0      , 1      , 0      , 0      , 1      
585 , 460854 , 700    , 0      , 0      , 0      , 0      , 672    , 662    , 1      
586 , 460854 , 700    , 0      , 41     , 0      , 0      , 0      , 0      , 1      
587 , 460854 , 0      , 0      , 0      , 0      , 1      , 0      , 0      , 1      
588 , 460954 , 800    , 0      , 0      , 0      , 0      , 784    , 771    , 1      
589 , 460954 , 800    , 0      , 41     , 0      , 0      , 0      , 0      , 1      
590 , 460954 , 0      , 0      , 0      , 0      , 1      , 0      , 0      , 1      
591 , 461054 , 900    , 0      , 0      , 0      , 0      , 891    , 877    , 1      
592 , 461054 , 900    , 0      , 41     , 0      , 0      , 0      , 0      , 1      
593 , 461054 , 0      , 0      , 0      , 0      , 1      , 0      , 0      , 1      
594 , 461154 , 1000   , 0      , 0      , 0      , 0      , 1001   , 987    , 1      
595 , 461154 , 1000   , 0      , 41     , 0      , 0      , 0      , 0      , 1      
596 , 461154 , 0      , 0      , 0      , 0      , 2      , 0      , 0      , 1      
597 , 461254 , 1100   , 0      , 0      , 0      , 0      , 1110   , 1096   , 1      
598 , 461254 , 1100   , 0      , 41     , 0      , 0      , 0      , 0      , 1      
599 , 461254 , 0      , 0      , 0      , 0      , 2      , 0      , 0      , 1      
600 , 461354 , 1200   , 0      , 0      , 0      , 0      , 1216   , 1204   , 1      
601 , 461354 , 1200   , 0      , 41     , 0      , 0      , 0      , 0      , 1      
602 , 461354 , 0      , 0      , 0      , 0      , 2      , 0      , 0      , 1      
603 , 461454 , 1300   , 0      , 0      , 0      , 0      , 1325   , 1314   , 1      
604 , 461454 , 1300   , 0      , 40     , 0      , 0      , 0      , 0      , 1      
605 , 461454 , 0      , 0      , 0      , 0      , 2      , 0      , 0      , 1      
606 , 461554 , 1400   , 0      , 0      , 0      , 0      , 1432   , 1424   , 1      
607 , 461554 , 1400   , 0      , 39     , 0      , 0      , 0      , 0      , 1      
608 , 461554 , 0      , 0      , 0      , 0      , 2      , 0      , 0      , 1      
609 , 461654 , 1500   , 0      , 0      , 0      , 0      , 1539   , 1534   , 1      
610 , 461654 , 1500   , 0      , 39     , 0      , 0      , 0      , 0      , 1      
611 , 461654 , 0      , 0      , 0      , 0      , 2      , 0      , 0      , 1      
612 , 461754 , 1600   , 0      , 0      , 0      , 0      , 1646   , 1643   , 1      
613 , 461754 , 1600   , 0      , 38     , 0      , 0      , 0      , 0      , 1      
614 , 461754 , 0      , 0      , 0      , 0      , 1      , 0      , 0      , 1      
615 , 461854 , 1700   , 0      , 0      , 0      , 0      , 1753   , 1754   , 1      
616 , 461854 , 1700   , 0      , 37     , 0      , 0      , 0      , 0      , 1      
617 , 461854 , 0      , 0      , 0      , 0      , 1      , 0      , 0      , 1      
618 , 461954 , 1800   , 0      , 0      , 0      , 0      , 1861   , 1866   , 1      
619 , 461954 , 1800   , 0      , 37     , 0      , 0      , 0      , 0      , 1      
620 , 461954 , 0      , 0      , 0      , 0      , 0      , 0      , 0      , 1      
621 , 462054 , 1900   , 0      , 0      , 0      , 0      , 1966   , 1974   , 1      
622 , 462054 , 1900   , 0      , 37     , 0      , 0      , 0      , 0      , 1      
623 , 462054 , 0      , 0      , 0      , 0      , 0      , 0      , 0      , 1      
624 , 462154 , 2000   , 0      , 0      , 0      , 0      , 2075   , 2086   , 1      
625 , 462154 , 2000   , 0      , 37     , 0      , 0      , 0      , 0      , 1      
626 , 462154 , 0      , 0      , 0      , 0      , -1     , 0      , 0      , 1      
627 , 462254 , 2100   , 0      , 0      , 0      , 0      , 2181   , 2194   , 1      
628 , 462254 , 2100   , 0      , 37     , 0      , 0      , 0      , 0      , 1      
629 , 462254 , 0      , 0      , 0      , 0      , -1     , 0      , 0      , 1      
630 , 462354 , 2200   , 0      , 0      , 0      , 0      , 2288   , 2304   , 1      
631 , 462354 , 2200   , 0      , 37     , 0      , 0      , 0      , 0      , 1      
632 , 462354 , 0      , 0      , 0      , 0      , -1     , 0      , 0      , 1      
633 , 462454 , 2300   , 0      , 0      , 0      , 0      , 2396   , 2415   , 1      
634 , 462454 , 2300   , 0      , 39     , 0      , 0      , 0      , 0      , 1      
635 , 462454 , 0      , 0      , 0      , 0      , -1     , 0      , 0      , 1      
636 , 462554 , 2400   , 0      , 0      , 0      , 0      , 2506   , 2525   , 1      
637 , 462554 , 2400   , 0      , 38     , 0      , 0      , 0      , 0      , 1      
638 , 462554 , 0      , 0      , 0      , 0      , -1     , 0      , 0      , 1      
639 , 462654 , 2500   , 0      , 0      , 0      , 0      , 2616   , 2635   , 1      
640 , 462654 , 2500   , 0      , 39     , 0      , 0      , 0      , 0      , 1      
641 , 462654 , 0      , 0      , 0      , 0      , -1     , 0      , 0      , 1      
642 , 462754 , 2600   , 0      , 0      , 0      , 0      , 2727   , 2745   , 1      
643 , 462754 , 2600   , 0      , 38     , 0      , 0      , 0      , 0      , 1      
644 , 462754 , 0      , 0      , 0      , 0      , -1     , 0      , 0      , 1      
645 , 462854 , 2700   , 0      , 0      , 0      , 0      , 2836   , 2855   , 1      
646 , 462854 , 2700   , 0      , 39     , 0      , 0      , 0      , 0      , 1      
647 , 462854 , 0      , 0      , 0      , 0      , -1     , 0      , 0      , 1      
648 , 462954 , 2800   , 0      , 0      , 0      , 0      , 2947   , 2965   , 1      
649 , 462954 , 2800   , 0      , 40     , 0      , 0      , 0      , 0      , 1      
650 , 462954 , 0      , 0      , 0      , 0      , -1     , 0      , 0      , 1      
651 , 463054 , 2900   , 0      , 0      , 0      , 0      , 3060   , 3076   , 1      
652 , 463054 , 2900   , 0      , 38     , 0      , 0      , 0      , 0      , 1      
653 , 463054 , 0      , 0      , 0      , 0      , -1     , 0      , 0      , 1      
654 , 463154 , 3000   , 0      , 0      , 0      , 0      , 3168   , 3183   , 1      
655 , 463154 , 3000   , 0      , 38     , 0      , 0      , 0      , 0      , 1      
656 , 463154 , 0      , 0      , 0      , 0      , -1     , 0      , 0      , 1      
657 , 463254 , 3100   , 0      , 0      , 0      , 0      , 3276   , 3293   , 1      
658 , 463254 , 3100   , 0      , 39     , 0      , 0      , 0      , 0      , 1      
659 , 463254 , 0      , 0      , 0      , 0      , -1     , 0      , 0      , 1      
660 , 463354 , 3200   , 0      , 0      , 0      , 0      , 3387   , 3402   , 1      
661 , 463354 , 3200   , 0      , 39     , 0      , 0      , 0      , 0      , 1      
662 , 463354 , 0      , 0      , 0      , 0      , -1     , 0      , 0      , 1      
663 , 463454 , 3300   , 0      , 0      , 0      , 0      , 3498   , 3512   , 1      
664 , 463454 , 3300   , 0      , 39     , 0      , 0      , 0      , 0      , 1      
665 , 463454 , 0      , 0      , 0      , 0      , -1     , 0      , 0      , 1      
666 , 463554 , 3400   , 0      , 0      , 0      , 0      , 3610   , 3622   , 1      
667 , 463554 , 3400   , 0      , 39     , 0      , 0      , 0      , 0      , 1      
668 , 463554 , 0      , 0      , 0      , 0      , -1     , 0      , 0      , 1      
669 , 463654 , 3500   , 0      , 0      , 0      , 0      , 3720   , 3731   , 1      
670 , 463654 , 3500   , 0      , 40     , 0      , 0      , 0      , 0      , 1      
671 , 463654 , 0      , 0      , 0      , 0      , 0      , 0      , 0      , 1      
672 , 463754 , 3600   , 0      , 0      , 0      , 0      , 3833   , 3841   , 1      
673 , 463754 , 3600   , 0      , 40     , 0      , 0      , 0      , 0      , 1      
674 , 463754 , 0      , 0      , 0      , 0      , 0      , 0      , 0      , 1      
675 , 463854 , 3700   , 0      , 0      , 0      , 0      , 3943   , 3950   , 1      
676 , 463854 , 3700   , 0      , 40     , 0      , 0      , 0      , 0      , 1      
677 , 463854 , 0      , 0      , 0      , 0      , 0      , 0      , 0      , 1      
678 , 463954 , 3800   , 0      , 0      , 0      , 0      , 4054   , 4059   , 1      
679 , 463954 , 3800   , 0      , 40     , 0      , 0      , 0      , 0      , 1      
680 , 463954 , 0      , 0      , 0      , 0      , 0      , 0      , 0      , 1      
681 , 464054 , 3900   , 0      , 0      , 0      , 0      , 4164   , 4168   , 1      
682 , 464054 , 3900   , 0      , 40     , 0      , 0      , 0      , 0      , 1      
683 , 464054 , 0      , 0      , 0      , 0      , 0      , 0      , 0      , 1      
684 , 464154 , 4000   , 0      , 0      , 0      , 0      , 4275   , 4278   , 1      
685 , 464154 , 4000   , 0      , 41     , 0      , 0      , 0      , 0      , 1      
686 , 464154 , 0      , 0      , 0      , 0      , 0      , 0      , 0      , 1      
687 , 464254 , 4100   , 0      , 0      , 0      , 0      , 4386   , 4386   , 1      
688 , 464254 , 4100   , 0      , 40     , 0      , 0      , 0      , 0      , 1      
689 , 464254 , 0      , 0      , 0      , 0      , 0      , 0      , 0      , 1      
690 , 464354 , 4200   , 0      , 0      , 0      , 0      , 4497   , 4494   , 1      
691 , 464354 , 4200   , 0      , 40     , 0      , 0      , 0      , 0      , 1      
692 , 464354 , 0      , 0      , 0      , 0      , 1      , 0      , 0      , 1      
693 , 464454 , 4300   , 0      , 0      , 0      , 0      , 4606   , 4604   , 1      
694 , 464454 , 4300   , 0      , 0      , 210    , 0      , 0      , 0      , 2      
695 , 464454 , 4300   , 0      , 40     , 0      , 0      , 0      , 0      , 2      
696 , 464454 , 0      , 0      , 0      , 0      , 1      , 0      , 0      , 2      
697 , 464554 , 4400   , 0      , 0      , 203    , 0      , 0      , 0      , 2      
698 , 464554 , 4400   , 0      , 41     , 0      , 0      , 0      , 0      , 2      
699 , 464554 , 0      , 0      , 0      , 0      , 1      , 0      , 0      , 2      
700 , 464654 , 4500   , 0      , 0      , 196    , 0      , 0      , 0      , 2      
701 , 464654 , 4500   , 0      , 40     , 0      , 0      , 0      , 0      , 2      
702 , 464654 , 0      , 0      , 0      , 0      , 0      , 0      , 0      , 2      
703 , 464754 , 4600   , 0      , 0      , 185    , 0      , 0      , 0      , 2      
704 , 464754 , 4600   , 0      , 41     , 0      , 0      , 0      , 0      , 2      
705 , 464754 , 0      , 0      , 0      , 0      , 0      , 0      , 0      , 2      
706 , 464854 , 4700   , 0      , 0      , 178    , 0      , 0      , 0      , 2      
707 , 464854 , 4700   , 0      , 41     , 0      , 0      , 0      , 0      , 2      
708 , 464854 , 0      , 0      , 0      , 0      , 0      , 0      , 0      , 2      
709 , 464954 , 4800   , 0      , 0      , 171    , 0      , 0      , 0      , 2      
710 , 464954 , 4800   , 0      , 42     , 0      , 0      , 0      , 0      , 2      
711 , 464954 , 0      , 0      , 0      , 0      , 1      , 0      , 0      , 2      
712 , 465054 , 4900   , 0      , 0      , 164    , 0      , 0      , 0      , 2      
713 , 465054 , 4900   , 0      , 41     , 0      , 0      , 0      , 0      , 2      
714 , 465054 , 0      , 0      , 0      , 0      , 1      , 0      , 0      , 2      
715 , 465154 , 5000   , 0      , 0      , 154    , 0      , 0      , 0      , 2      
716 , 465154 , 5000   , 0      , 41     , 0      , 0      , 0      , 0      , 2      
717 , 465154 , 0      , 0      , 0      , 0      , 1      , 0      , 0      , 2      
718 , 465254 , 5100   , 0      , 0      , 148    , 0      , 0      , 0      , 2      
719 , 465254 , 5100   , 0      , 41     , 0      , 0      , 0      , 0      , 2      
720 , 465254 , 0      , 0      , 0      , 0      , 2      , 0      , 0      , 2      
721 , 465354 , 5200   , 0      , 0      , 141    , 0      , 0      , 0      , 2      
722 , 465354 , 5200   , 0      , 40     , 0      , 0      , 0      , 0      , 2      
723 , 465354 , 0      , 0      , 0      , 0      , 2      , 0      , 0      , 2      
724 , 465454 , 5300   , 0      , 0      , 132    , 0      , 0      , 0      , 2      
725 , 465454 , 5300   , 0      , 40     , 0      , 0      , 0      , 0      , 2      
726 , 465454 , 0      , 0      , 0      , 0      , 2      , 0      , 0      , 2      
727 , 465554 , 5400   , 0      , 0      , 127    , 0      , 0      , 0      , 2      
728 , 465554 , 5400   , 0      , 40     , 0      , 0      , 0      , 0      , 2      
729 , 465554 , 0      , 0      , 0      , 0      , 2      , 0      , 0      , 2      
730 , 465654 , 5500   , 0      , 0      , 119    , 0      , 0      , 0      , 2      
731 , 465654 , 5500   , 0      , 40     , 0      , 0      , 0      , 0      , 2      
732 , 465654 , 0      , 0      , 0      , 0      , 1      , 0      , 0      , 2      
733 , 465754 , 5600   , 0      , 0      , 109    , 0      , 0      , 0      , 2      
734 , 465754 , 5600   , 0      , 39     , 0      , 0      , 0      , 0      , 2      
735 , 465754 , 0      , 0      , 0      , 0      , 1      , 0      , 0      , 2      
736 , 465854 , 5700   , 0      , 0      , 102    , 0      , 0      , 0      , 2      
737 , 465854 , 5700   , 0      , 39     , 0      , 0      , 0      , 0      , 2      
738 , 465854 , 0      , 0      , 0      , 0      , 1      , 0      , 0      , 2      
739 , 465954 , 5800   , 0      , 0      , 93     , 0      , 0      , 0      , 2      
740 , 465954 , 5800   , 0      , 37     , 0      , 0      , 0      , 0      , 2      
741 , 465954 , 0      , 0      , 0      , 0      , 1      , 0      , 0      , 2      
742 , 466054 , 5900   , 0      , 0      , 85     , 0      , 0      , 0      , 2      
743 , 466054 , 5900   , 0      , 37     , 0      , 0      , 0      , 0      , 2      
744 , 466054 , 0      , 0      , 0      , 0      , 1      , 0      , 0      , 2      
745 , 466154 , 6000   , 0      , 0      , 78     , 0      , 0      , 0      , 2      
746 , 466154 , 0      , 0      , 0      , 0      , 0      , 0      , 0      , 3      
747 , 466154 , 0      , 0      , 0      , 0      , 0      , 0      , 0      , 3      
748 , 466321 , 0      , 0      , 0      , 0      , -4     , 0      , 0      , 3      
749 , 466421 , 0      , 0      , 0      , 0      , -12    , 0      , 0      , 3      
750 , 466521 , 0      , 0      , 0      , 0      , -20    , 0      , 0      , 3      
751 , 466621 , 0      , 0      , 0      , 0      , -26    , 0      , 0      , 3      
752 , 466721 , 0      , 0      , 0      , 0      , -34    , 0      , 0      , 3      
753 , 466821 , 0      , 0      , 0      , 0      , -40    , 0      , 0      , 3      
754 , 466921 , 0      , 0      , 0      , 0      , -44    , 0      , 0      , 3      
755 , 467022 , 0      , 0      , 0      , 0      , -52    , 0      , 0      , 3      
756 , 467143 , 0      , 0      , 0      , 0      , -58    , 0      , 0      , 3      
757 , 467343 , 0      , 0      , 0      , 0      , -68    , 0      , 0      , 3      
758 , 467343 , 0      , 0      , 0      , 0      , -68    , 0      , 0      , 3      
759 , 467443 , 0      , 0      , 0      , 0      , -73    , 0      , 0      , 3      
760 , 467543 , 0      , 0      , 0      , 0      , -79    , 0      , 0      , 3      
761 , 467743 , 7589   , 0      , 0      , 0      , 0      , 0      , 0      , 1      
762 , 467743 , 7589   , 0      , 39     , 0      , 0      , 0      , 0      , 1      
763 , 467743 , 0      , 0      , 0      , 0      , -86    , 0      , 0      , 1      
764 , 467843 , 7689   , 0      , 0      , 0      , 0      , 49     , 108    , 1      
765 , 467843 , 0      , 0      , 0      , 0      , -90    , 0      , 0      , 3      
766 , 467843 , 0      , 0      , 0      , 0      , -90    , 0      , 0      , 3      
767 , 468007 , 0      , 0      , 0      , 0      , -99    , 0      , 0      , 3      
768 , 468107 , 0      , 0      , 0      , 0      , -106   , 0      , 0      , 3      
769 , 468207 , 0      , 0      , 0      , 0      , -116   , 0      , 0      , 3      
770 , 468307 , 0      , 0      , 0      , 0      , -123   , 0      , 0      , 3      
771 , 468407 , 0      , 0      , 0      , 0      , -130   , 0      , 0      , 3      
772 , 468507 , 0      , 0      , 0      , 0      , -135   , 0      , 0      , 3      
773 , 468607 , 0      , 0      , 0      , 0      , -143   , 0      , 0      , 3      
774 , 468707 , 0      , 0      , 0      , 0      , -148   , 0      , 0      , 3      
775 , 468907 , 0      , 0      , 0      , 0      , -157   , 0      , 0      , 3      
776 , 468907 , 0      , 0      , 0      , 0      , -157   , 0      , 0      , 3      
777 , 469007 , 0      , 0      , 0      , 0      , -162   , 0      , 0      , 3      
778 , 469107 , 0      , 0      , 0      , 0      , -167   , 0      , 0      , 3      
779 , 469307 , 9153   , 0      , 0      , 0      , 0      , 0      , 0      , 1      
780 , 469307 , 9153   , 0      , 24     , 0      , 0      , 0      , 0      , 1      
781 , 469307 , 0      , 0      , 0      , 0      , -175   , 0      , 0      , 1      
782 , 469407 , 9253   , 0      , 0      , 0      , 0      , 42     , 108    , 1      
783 , 469407 , 9253   , 0      , 24     , 0      , 0      , 0      , 0      , 1      
784 , 469407 , 0      , 0      , 0      , 0      , -179   , 0      , 0      , 1      
785 , 469507 , 9353   , 0      , 0      , 0      , 0      , 129    , 215    , 1      
786 , 469507 , 9353   , 0      , 24     , 0      , 0      , 0      , 0      , 1      
787 , 469507 , 0      , 0      , 0      , 0      , -184   , 0      , 0      , 1      
788 , 469607 , 9453   , 0      , 0      , 0      , 0      , 224    , 324    , 1      
789 , 469607 , 9453   , 0      , 23     , 0      , 0      , 0      , 0      , 1      
790 , 469607 , 0      , 0      , 0      , 0      , -187   , 0      , 0      , 1      
791 , 469707 , 9553   , 0      , 0      , 0      , 0      , 323    , 431    , 1      
792 , 469707 , 9553   , 0      , 25     , 0      , 0      , 0      , 0      , 1      
793 , 469707 , 0      , 0      , 0      , 0      , -189   , 0      , 0      , 1      
794 , 469807 , 9653   , 0      , 0      , 0      , 0      , 424    , 540    , 1      
795 , 469807 , 9653   , 0      , 27     , 0      , 0      , 0      , 0      , 1      
796 , 469807 , 0      , 0      , 0      , 0      , -191   , 0      , 0      , 1      
797 , 469907 , 9753   , 0      , 0      , 0      , 0      , 530    , 647    , 1      
798 , 469907 , 9753   , 0      , 30     , 0      , 0      , 0      , 0      , 1      
799 , 469907 , 0      , 0      , 0      , 0      , -191   , 0      , 0      , 1      
800 , 470007 , 9853   , 0      , 0      , 0      , 0      , 640    , 753    , 1      
801 , 470007 , 9853   , 0      , 34     , 0      , 0      , 0      , 0      , 1      
802 , 470007 , 0      , 0      , 0      , 0      , -191   , 0      , 0      , 1      
803 , 470107 , 9953   , 0      , 0      , 0      , 0      , 750    , 858    , 1      
804 , 470107 , 9953   , 0      , 37     , 0      , 0      , 0      , 0      , 1      
805 , 470107 , 0      , 0      , 0      , 0      , -191   , 0      , 0      , 1      
806 , 470207 , 10053  , 0      , 0      , 0      , 0      , 863    , 959    , 1      
807 , 470207 , 10053  , 0      , 43     , 0      , 0      , 0      , 0      , 1      
808 , 470207 , 0      , 0      , 0      , 0      , -190   , 0      , 0      , 1      
809 , 470307 , 10153  , 0      , 0      , 0      , 0      , 974    , 1057   , 1      
810 , 470307 , 10153  , 0      , 42     , 0      , 0      , 0      , 0      , 1      
811 , 470307 , 0      , 0      , 0      , 0      , -188   , 0      , 0      , 1      
812 , 470407 , 10253  , 0      , 0      , 0      , 0      , 1086   , 1155   , 1      
813 , 470407 , 10253  , 0      , 44     , 0      , 0      , 0      , 0      , 1      
814 , 470407 , 0      , 0      , 0      , 0      , -186   , 0      , 0      , 1      
815 , 470507 , 10353  , 0      , 0      , 0      , 0      , 1197   , 1255   , 1      
816 , 470507 , 10353  , 0      , 45     , 0      , 0      , 0      , 0      , 1      
817 , 470507 , 0      , 0      , 0      , 0      , -184   , 0      , 0      , 1      
818 , 470607 , 10453  , 0      , 0      , 0      , 0      , 1309   , 1354   , 1      
819 , 470607 , 10453  , 0      , 48     , 0      , 0      , 0      , 0      , 1      
820 , 470607 , 0      , 0      , 0      , 0      , -182   , 0      , 0      , 1      
821 , 470707 , 10553  , 0      , 0      , 0      , 0      , 1420   , 1454   , 1      
822 , 470707 , 10553  , 0      , 48     , 0      , 0      , 0      , 0      , 1      
823 , 470707 , 0      , 0      , 0      , 0      , -181   , 0      , 0      , 1      
824 , 470807 , 10653  , 0      , 0      , 0      , 0      , 1532   , 1554   , 1      
825 , 470807 , 10653  , 0      , 48     , 0      , 0      , 0      , 0      , 1      
826 , 470807 , 0      , 0      , 0      , 0      , -179   , 0      , 0      , 1      
827 , 470907 , 10753  , 0      , 0      , 0      , 0      , 1643   , 1655   , 1      
828 , 470907 , 10753  , 0      , 49     , 0      , 0      , 0      , 0      , 1      
829 , 470907 , 0      , 0      , 0      , 0      , -178   , 0      , 0      , 1      
830 , 471007 , 10853  , 0      , 0      , 0      , 0      , 1755   , 1757   , 1      
831 , 471007 , 10853  , 0      , 50     , 0      , 0      , 0      , 0      , 1      
832 , 471007 , 0      , 0      , 0      , 0      , -176   , 0      , 0      , 1      
833 , 471107 , 10953  , 0      , 0      , 0      , 0      , 1865   , 1859   , 1      
834 , 471107 , 10953  , 0      , 51     , 0      , 0      , 0      , 0      , 1      
835 , 471107 , 0      , 0      , 0      , 0      , -175   , 0      , 0      , 1      
836 , 471207 , 11053  , 0      , 0      , 0      , 0      , 1978   , 1963   , 1      
837 , 471207 , 11053  , 0      , 50     , 0      , 0      , 0      , 0      , 1      
838 , 471207 , 0      , 0      , 0      , 0      , -174   , 0      , 0      , 1      
839 , 471307 , 11153  , 0      , 0      , 0      , 0      , 2089   , 2067   , 1      
840 , 471307 , 11153  , 0      , 49     , 0      , 0      , 0      , 0      , 1      
841 , 471307 , 0      , 0      , 0      , 0      , -173   , 0      , 0      , 1      
842 , 471407 , 11253  , 0      , 0      , 0      , 0      , 2200   , 2172   , 1      
843 , 471407 , 11253  , 0      , 49     , 0      , 0      , 0      , 0      , 1      
844 , 471407 , 0      , 0      , 0      , 0      , -172   , 0      , 0      , 1      
845 , 471507 , 11353  , 0      , 0      , 0      , 0      , 2312   , 2279   , 1      
846 , 471507 , 11353  , 0      , 48     , 0      , 0      , 0      , 0      , 1      
847 , 471507 , 0      , 0      , 0      , 0      , -172   , 0      , 0      , 1      
848 , 471607 , 11453  , 0      , 0      , 0      , 0      , 2423   , 2388   , 1      
849 , 471607 , 11453  , 0      , 47     , 0      , 0      , 0      , 0      , 1      
850 , 471607 , 0      , 0      , 0      , 0      , -172   , 0      , 0      , 1      
851 , 471707 , 11553  , 0      , 0      , 0      , 0      , 2533   , 2497   , 1      
852 , 471707 , 11553  , 0      , 46     , 0      , 0      , 0      , 0      , 1      
853 , 471707 , 0      , 0      , 0      , 0      , -172   , 0      , 0      , 1      
854 , 471807 , 11653  , 0      , 0      , 0      , 0      , 2641   , 2606   , 1      
855 , 471807 , 11653  , 0      , 44     , 0      , 0      , 0      , 0      , 1      
856 , 471807 , 0      , 0      , 0      , 0      , -172   , 0      , 0      , 1      
857 , 471907 , 11753  , 0      , 0      , 0      , 0      , 2748   , 2716   , 1      
858 , 471907 , 11753  , 0      , 43     , 0      , 0      , 0      , 0      , 1      
859 , 471907 , 0      , 0      , 0      , 0      , -172   , 0      , 0      , 1      
860 , 472007 , 11853  , 0      , 0      , 0      , 0      , 2854   , 2825   , 1      
861 , 472007 , 11853  , 0      , 40     , 0      , 0      , 0      , 0      , 1      
862 , 472007 , 0      , 0      , 0      , 0      , -173   , 0      , 0      , 1      
863 , 472107 , 11953  , 0      , 0      , 0      , 0      , 2958   , 2935   , 1      
864 , 472107 , 11953  , 0      , 37     , 0      , 0      , 0      , 0      , 1      
865 , 472107 , 0      , 0      , 0      , 0      , -174   , 0      , 0      , 1      
866 , 472207 , 12053  , 0      , 0      , 0      , 0      , 3061   , 3045   , 1      
867 , 472207 , 12053  , 0      , 35     , 0      , 0      , 0      , 0      , 1      
868 , 472207 , 0      , 0      , 0      , 0      , -175   , 0      , 0      , 1      
869 , 472307 , 12153  , 0      , 0      , 0      , 0      , 3163   , 3154   , 1      
870 , 472307 , 12153  , 0      , 33     , 0      , 0      , 0      , 0      , 1      
871 , 472307 , 0      , 0      , 0      , 0      , -176   , 0      , 0      , 1      
872 , 472407 , 12253  , 0      , 0      , 0      , 0      , 3262   , 3263   , 1      
873 , 472407 , 12253  , 0      , 32     , 0      , 0      , 0      , 0      , 1      
874 , 472407 , 0      , 0      , 0      , 0      , -177   , 0      , 0      , 1      
875 , 472508 , 12354  , 0      , 0      , 0      , 0      , 3363   , 3373   , 1      
876 , 472508 , 12354  , 0      , 30     , 0      , 0      , 0      , 0      , 1      
877 , 472508 , 0      , 0      , 0      , 0      , -178   , 0      , 0      , 1      
878 , 472608 , 12454  , 0      , 0      , 0      , 0      , 3463   , 3482   , 1      
879 , 472608 , 12454  , 0      , 28     , 0      , 0      , 0      , 0      , 1      
880 , 472608 , 0      , 0      , 0      , 0      , -180   , 0      , 0      , 1      
881 , 472708 , 12554  , 0      , 0      , 0      , 0      , 3563   , 3592   , 1      
882 , 472708 , 12554  , 0      , 28     , 0      , 0      , 0      , 0      , 1      
883 , 472708 , 0      , 0      , 0      , 0      , -182   , 0      , 0      , 1      
884 , 472808 , 12654  , 0      , 0      , 0      , 0      , 3663   , 3701   , 1      
885 , 472808 , 12654  , 0      , 28     , 0      , 0      , 0      , 0      , 1      
886 , 472808 , 0      , 0      , 0      , 0      , -183   , 0      , 0      , 1      
887 , 472908 , 12754  , 0      , 0      , 0      , 0      , 3764   , 3811   , 1      
888 , 472908 , 12754  , 0      , 27     , 0      , 0      , 0      , 0      , 1      
889 , 472908 , 0      , 0      , 0      , 0      , -184   , 0      , 0      , 1      
890 , 473008 , 12854  , 0      , 0      , 0      , 0      , 3867   , 3919   , 1      
891 , 473008 , 12854  , 0      , 28     , 0      , 0      , 0      , 0      , 1      
892 , 473008 , 0      , 0      , 0      , 0      , -185   , 0      , 0      , 1      
893 , 473108 , 12954  , 0      , 0      , 0      , 0      , 3969   , 4028   , 1      
894 , 473108 , 12954  , 0      , 30     , 0      , 0      , 0      , 0      , 1      
895 , 473108 , 0      , 0      , 0      , 0      , -186   , 0      , 0      , 1      
896 , 473208 , 13054  , 0      , 0      , 0      , 0      , 4074   , 4137   , 1      
897 , 473208 , 13054  , 0      , 31     , 0      , 0      , 0      , 0      , 1      
898 , 473208 , 0      , 0      , 0      , 0      , -187   , 0      , 0      , 1      
899 , 473308 , 13154  , 0      , 0      , 0      , 0      , 4180   , 4247   , 1      
900 , 473308 , 13154  , 0      , 31     , 0      , 0      , 0      , 0      , 1      
901 , 473308 , 0      , 0      , 0      , 0      , -188   , 0      , 0      , 1      
902 , 473408 , 13254  , 0      , 0      , 0      , 0      , 4289   , 4355   , 1      
903 , 473408 , 13254  , 0      , 34     , 0      , 0      , 0      , 0      , 1      
904 , 473408 , 0      , 0      , 0      , 0      , -188   , 0      , 0      , 1      
905 , 473508 , 13354  , 0      , 0      , 0      , 0      , 4398   , 4462   , 1      
906 , 473508 , 13354  , 0      , 37     , 0      , 0      , 0      , 0      , 1      
907 , 473508 , 0      , 0      , 0      , 0      , -188   , 0      , 0      , 1      
908 , 473608 , 13454  , 0      , 0      , 0      , 0      , 4509   , 4566   , 1      
909 , 473608 , 13454  , 0      , 40     , 0      , 0      , 0      , 0      , 1      
910 , 473608 , 0      , 0      , 0      , 0      , -187   , 0      , 0      , 1      
911 , 473708 , 13554  , 0      , 0      , 0      , 0      , 4621   , 4669   , 1      
912 , 473708 , 13554  , 0      , 40     , 0      , 0      , 0      , 0      , 1      
913 , 473708 , 0      , 0      , 0      , 0      , -186   , 0      , 0      , 1      
914 , 473808 , 13654  , 0      , 0      , 0      , 0      , 4732   , 4772   , 1      
915 , 473808 , 13654  , 0      , 41     , 0      , 0      , 0      , 0      , 1      
916 , 473808 , 0      , 0      , 0      , 0      , -185   , 0      , 0      , 1      
917 , 473908 , 13754  , 0      , 0      , 0      , 0      , 4844   , 4875   , 1      
918 , 473908 , 13754  , 0      , 43     , 0      , 0      , 0      , 0      , 1      
919 , 473908 , 0      , 0      , 0      , 0      , -183   , 0      , 0      , 1      
920 , 474008 , 13854  , 0      , 0      , 0      , 0      , 4954   , 4978   , 1      
921 , 474008 , 13854  , 0      , 44     , 0      , 0      , 0      , 0      , 1      
922 , 474008 , 0      , 0      , 0      , 0      , -182   , 0      , 0      , 1      
923 , 474108 , 13954  , 0      , 0      , 0      , 0      , 5066   , 5080   , 1      
924 , 474108 , 13954  , 0      , 0      , 108    , 0      , 0      , 0      , 2      
925 , 474108 , 13954  , 0      , 46     , 0      , 0      , 0      , 0      , 2      
926 , 474108 , 0      , 0      , 0      , 0      , -181   , 0      , 0      , 2      
927 , 474208 , 14054  , 0      , 0      , 99     , 0      , 0      , 0      , 2      
928 , 474208 , 14054  , 0      , 46     , 0      , 0      , 0      , 0      , 2      
929 , 474208 , 0      , 0      , 0      , 0      , -180   , 0      , 0      , 2      
930 , 474308 , 14154  , 0      , 0      , 92     , 0      , 0      , 0      , 2      
931 , 474308 , 14154  , 0      , 47     , 0      , 0      , 0      , 0      , 2      
932 , 474308 , 0      , 0      , 0      , 0      , -179   , 0      , 0      , 2      
933 , 474408 , 14254  , 0      , 0      , 84     , 0      , 0      , 0      , 2      
934 , 474408 , 14254  , 0      , 48     , 0      , 0      , 0      , 0      , 2      
935 , 474408 , 0      , 0      , 0      , 0      , -177   , 0      , 0      , 2      
936 , 474508 , 14354  , 0      , 0      , 78     , 0      , 0      , 0      , 2      
937 , 474508 , 0      , 0      , 0      , 0      , -176   , 0      , 0      , 3      
938 , 474508 , 0      , 0      , 0      , 0      , -176   , 0      , 0      , 3      
939 , 474689 , 0      , 0      , 0      , 0      , -180   , 0      , 0      , 3      
940 , 474789 , 0      , 0      , 0      , 0      , -188   , 0      , 0      , 3      
941 , 474889 , 0      , 0      , 0      , 0      , -195   , 0      , 0      , 3      
942 , 474989 , 0      , 0      , 0      , 0      , -203   , 0      , 0      , 3      
943 , 475089 , 0      , 0      , 0      , 0      , -206   , 0      , 0      , 3      
944 , 475189 , 0      , 0      , 0      , 0      , -213   , 0      , 0      , 3      
945 , 475289 , 0      , 0      , 0      , 0      , -219   , 0      , 0      , 3      
946 , 475389 , 0      , 0      , 0      , 0      , -226   , 0      , 0      , 3      
947 , 475489 , 0      , 0      , 0      , 0      , -233   , 0      , 0      , 3      
948 , 475609 , 0      , 0      , 0      , 0      , -241   , 0      , 0      , 3      
949 , 475809 , 0      , 0      , 0      , 0      , -250   , 0      , 0      , 3      
950 , 475809 , 0      , 0      , 0      , 0      , -250   , 0      , 0      , 3      
951 , 475909 , 0      , 0      , 0      , 0      , -254   , 0      , 0      , 3      
952 , 476009 , 0      , 0      , 0      , 0      , -259   , 0      , 0      , 3      
953 , 476209 , 16055  , 0      , 0      , 55     , 0      , 0      , 0      , 2      
954 , 476209 , 16055  , 0      , 37     , 0      , 0      , 0      , 0      , 2      
955 , 476209 , 0      , 0      , 0      , 0      , -268   , 0      , 0      , 2      
956 , 476309 , 16155  , 0      , 0      , 50     , 0      , 0      , 0      , 2      
957 , 476309 , 16155  , 0      , 39     , 0      , 0      , 0      , 0      , 2      
958 , 476309 , 0      , 0      , 0      , 0      , -272   , 0      , 0      , 2      
959 , 476409 , 16255  , 0      , 0      , 44     , 0      , 0      , 0      , 2      
960 , 476409 , 16255  , 0      , 38     , 0      , 0      , 0      , 0      , 2      
961 , 476409 , 0      , 0      , 0      , 0      , -275   , 0      , 0      , 2      
962 , 476509 , 16355  , 0      , 0      , 39     , 0      , 0      , 0      , 2      
