0   , 30087  , 0      , 0      , 0      , 0      , 0      , 0      , 0      , 0      
1   , 30087  , 30087  , 0      , 100    , 0      , 0      , 0      , 0      , 0      
2   , 30087  , 30087  , 100    , 0      , 0      , 0      , 0      , 0      , 0      
3   , 30087  , 30087  , 0      , 0      , 255    , 0      , 0      , 0      , 0      
4   , 30387  , 0      , 0      , 0      , 0      , 0      , 0      , 0      , 0      
5   , 30387  , 30387  , 0      , 100    , 0      , 0      , 0      , 0      , 0      
6   , 30387  , 30387  , 100    , 0      , 0      , 0      , 0      , 0      , 0      
7   , 30387  , 30387  , 0      , 0      , 255    , 0      , 0      , 0      , 0      
8   , 30687  , 0      , 0      , 0      , 0      , 0      , 0      , 0      , 0      
9   , 30687  , 30687  , 0      , 100    , 0      , 0      , 0      , 0      , 0      
10  , 30687  , 30687  , 100    , 0      , 0      , 0      , 0      , 0      , 0      
11  , 30687  , 30687  , 0      , 0      , 255    , 0      , 0      , 0      , 0      
12  , 30987  , 0      , 0      , 0      , 0      , 0      , 0      , 0      , 0      
13  , 30987  , 30987  , 0      , 100    , 0      , 0      , 0      , 0      , 0      
14  , 30987  , 30987  , 100    , 0      , 0      , 0      , 0      , 0      , 0      
15  , 30987  , 30987  , 0      , 0      , 255    , 0      , 0      , 0      , 0      
16  , 31287  , 0      , 0      , 0      , 0      , 0      , 0      , 0      , 0      
17  , 31287  , 31287  , 0      , 100    , 0      , 0      , 0      , 0      , 0      
18  , 31287  , 31287  , 100    , 0      , 0      , 0      , 0      , 0      , 0      
19  , 31287  , 31287  , 0      , 0      , 255    , 0      , 0      , 0      , 0      
20  , 31587  , 0      , 0      , 0      , 0      , 0      , 0      , 0      , 0      
21  , 31587  , 31587  , 0      , 100    , 0      , 0      , 0      , 0      , 0      
22  , 31587  , 31587  , 100    , 0      , 0      , 0      , 0      , 0      , 0      
23  , 31587  , 31587  , 0      , 0      , 255    , 0      , 0      , 0      , 0      
24  , 31888  , 0      , 0      , 0      , 0      , 0      , 0      , 0      , 0      
25  , 31888  , 31888  , 0      , 94     , 0      , 0      , 0      , 0      , 0      
26  , 31888  , 31888  , 56     , 0      , 0      , 0      , 0      , 0      , 0      
27  , 31888  , 31888  , 0      , 0      , 255    , 0      , 0      , 0      , 0      
28  , 32188  , 0      , 0      , 0      , 0      , 0      , 0      , 0      , 0      
29  , 32188  , 32188  , 0      , 4      , 0      , 0      , 0      , 0      , 0      
30  , 32188  , 32188  , 8      , 0      , 0      , 0      , 0      , 0      , 0      
31  , 32188  , 32188  , 0      , 0      , 255    , 0      , 0      , 0      , 0      
32  , 32488  , 0      , 0      , 0      , 0      , 0      , 0      , 0      , 0      
33  , 32488  , 32488  , 0      , 1      , 0      , 0      , 0      , 0      , 0      
34  , 32488  , 32488  , 0      , 0      , 0      , 0      , 0      , 0      , 0      
35  , 32488  , 32488  , 0      , 0      , 255    , 0      , 0      , 0      , 0      
36  , 32789  , 0      , 0      , 0      , 0      , 0      , 0      , 0      , 0      
37  , 32789  , 32789  , 0      , 2      , 0      , 0      , 0      , 0      , 0      
38  , 32789  , 32789  , 0      , 0      , 0      , 0      , 0      , 0      , 0      
39  , 32789  , 32789  , 0      , 0      , 255    , 0      , 0      , 0      , 0      
40  , 33089  , 0      , 0      , 0      , 0      , 0      , 0      , 0      , 0      
41  , 33089  , 33089  , 0      , 1      , 0      , 0      , 0      , 0      , 0      
42  , 33089  , 33089  , 0      , 0      , 0      , 0      , 0      , 0      , 0      
43  , 33089  , 33089  , 0      , 0      , 255    , 0      , 0      , 0      , 0      
44  , 33389  , 0      , 0      , 0      , 0      , 1      , 0      , 0      , 0      
45  , 33389  , 33389  , 0      , 1      , 0      , 0      , 0      , 0      , 0      
46  , 33389  , 33389  , 0      , 0      , 0      , 0      , 0      , 0      , 0      
47  , 33389  , 33389  , 0      , 0      , 255    , 0      , 0      , 0      , 0      
48  , 33690  , 0      , 0      , 0      , 0      , 4      , 0      , 0      , 0      
49  , 33690  , 33690  , 0      , 1      , 0      , 0      , 0      , 0      , 0      
50  , 33690  , 33690  , 1      , 0      , 0      , 0      , 0      , 0      , 0      
51  , 33690  , 33690  , 0      , 0      , 255    , 0      , 0      , 0      , 0      
52  , 33990  , 0      , 0      , 0      , 0      , 2      , 0      , 0      , 0      
53  , 33990  , 33990  , 0      , 1      , 0      , 0      , 0      , 0      , 0      
54  , 33990  , 33990  , 2      , 0      , 0      , 0      , 0      , 0      , 0      
55  , 33990  , 33990  , 0      , 0      , 255    , 0      , 0      , 0      , 0      
56  , 34290  , 0      , 0      , 0      , 0      , 0      , 0      , 0      , 0      
57  , 34290  , 34290  , 0      , 0      , 0      , 0      , 0      , 0      , 0      
58  , 34290  , 34290  , 1      , 0      , 0      , 0      , 0      , 0      , 0      
59  , 34290  , 34290  , 0      , 0      , 255    , 0      , 0      , 0      , 0      
60  , 34591  , 0      , 0      , 0      , 0      , -1     , 0      , 0      , 0      
61  , 34591  , 34591  , 0      , 0      , 0      , 0      , 0      , 0      , 0      
62  , 34591  , 34591  , 1      , 0      , 0      , 0      , 0      , 0      , 0      
63  , 34591  , 34591  , 0      , 0      , 255    , 0      , 0      , 0      , 0      
64  , 34892  , 0      , 0      , 0      , 0      , -1     , 0      , 0      , 0      
65  , 34892  , 34892  , 0      , 0      , 0      , 0      , 0      , 0      , 0      
66  , 34892  , 34892  , 1      , 0      , 0      , 0      , 0      , 0      , 0      
67  , 34892  , 34892  , 0      , 0      , 255    , 0      , 0      , 0      , 0      
68  , 35192  , 0      , 0      , 0      , 0      , 0      , 0      , 0      , 0      
69  , 35192  , 35192  , 0      , 0      , 0      , 0      , 0      , 0      , 0      
70  , 35192  , 35192  , 10     , 0      , 0      , 0      , 0      , 0      , 0      
71  , 35192  , 35192  , 0      , 0      , 255    , 0      , 0      , 0      , 0      
72  , 35492  , 0      , 0      , 0      , 0      , 0      , 0      , 0      , 0      
73  , 35492  , 35492  , 0      , 1      , 0      , 0      , 0      , 0      , 0      
74  , 35492  , 35492  , 1      , 0      , 0      , 0      , 0      , 0      , 0      
75  , 35492  , 35492  , 0      , 0      , 128    , 0      , 0      , 0      , 0      
76  , 35792  , 0      , 0      , 0      , 0      , 0      , 0      , 0      , 0      
77  , 35792  , 35792  , 0      , 100    , 0      , 0      , 0      , 0      , 0      
78  , 35792  , 35792  , 100    , 0      , 0      , 0      , 0      , 0      , 0      
79  , 35792  , 35792  , 0      , 0      , 255    , 0      , 0      , 0      , 0      
80  , 36092  , 0      , 0      , 0      , 0      , 0      , 0      , 0      , 0      
81  , 36092  , 36092  , 0      , 41     , 0      , 0      , 0      , 0      , 0      
82  , 36092  , 36092  , 63     , 0      , 0      , 0      , 0      , 0      , 0      
83  , 36092  , 36092  , 0      , 0      , 255    , 0      , 0      , 0      , 0      
84  , 36392  , 0      , 0      , 0      , 0      , -1     , 0      , 0      , 0      
85  , 36392  , 36392  , 0      , 42     , 0      , 0      , 0      , 0      , 0      
86  , 36392  , 36392  , 100    , 0      , 0      , 0      , 0      , 0      , 0      
87  , 36392  , 36392  , 0      , 0      , 255    , 0      , 0      , 0      , 0      
88  , 36692  , 0      , 0      , 0      , 0      , -1     , 0      , 0      , 0      
89  , 36692  , 36692  , 0      , 43     , 0      , 0      , 0      , 0      , 0      
90  , 36692  , 36692  , 100    , 0      , 0      , 0      , 0      , 0      , 0      
91  , 36692  , 36692  , 0      , 0      , 144    , 0      , 0      , 0      , 0      
92  , 36993  , 0      , 0      , 0      , 0      , -1     , 0      , 0      , 0      
93  , 36993  , 36993  , 0      , 42     , 0      , 0      , 0      , 0      , 0      
94  , 36993  , 36993  , 100    , 0      , 0      , 0      , 0      , 0      , 0      
95  , 36993  , 36993  , 0      , 0      , 255    , 0      , 0      , 0      , 0      
96  , 37294  , 0      , 0      , 0      , 0      , -2     , 0      , 0      , 0      
97  , 37294  , 37294  , 0      , 42     , 0      , 0      , 0      , 0      , 0      
98  , 37294  , 37294  , 100    , 0      , 0      , 0      , 0      , 0      , 0      
99  , 37294  , 37294  , 0      , 0      , 145    , 0      , 0      , 0      , 0      
100 , 37595  , 0      , 0      , 0      , 0      , 0      , 0      , 0      , 0      
101 , 37595  , 37595  , 0      , 40     , 0      , 0      , 0      , 0      , 0      
102 , 37595  , 37595  , 100    , 0      , 0      , 0      , 0      , 0      , 0      
103 , 37595  , 37595  , 0      , 0      , 255    , 0      , 0      , 0      , 0      
104 , 37896  , 0      , 0      , 0      , 0      , 0      , 0      , 0      , 0      
105 , 37896  , 37896  , 0      , 40     , 0      , 0      , 0      , 0      , 0      
106 , 37896  , 37896  , 100    , 0      , 0      , 0      , 0      , 0      , 0      
107 , 37896  , 37896  , 0      , 0      , 255    , 0      , 0      , 0      , 0      
108 , 38196  , 0      , 0      , 0      , 0      , 0      , 0      , 0      , 0      
109 , 38196  , 38196  , 0      , 40     , 0      , 0      , 0      , 0      , 0      
110 , 38196  , 38196  , 100    , 0      , 0      , 0      , 0      , 0      , 0      
111 , 38196  , 38196  , 0      , 0      , 255    , 0      , 0      , 0      , 0      
112 , 38497  , 0      , 0      , 0      , 0      , 0      , 0      , 0      , 0      
113 , 38497  , 38497  , 0      , 40     , 0      , 0      , 0      , 0      , 0      
114 , 38497  , 38497  , 100    , 0      , 0      , 0      , 0      , 0      , 0      
115 , 38497  , 38497  , 0      , 0      , 130    , 0      , 0      , 0      , 0      
116 , 38678  , 0      , 0      , 0      , 0      , 0      , 0      , 0      , 1      
117 , 38678  , 0      , 0      , 40     , 0      , 0      , 0      , 0      , 1      
118 , 38678  , 0      , 0      , 0      , 0      , 0      , 0      , 0      , 1      
119 , 38778  , 100    , 0      , 0      , 0      , 0      , 46     , 49     , 1      
120 , 38778  , 100    , 0      , 40     , 0      , 0      , 0      , 0      , 1      
121 , 38778  , 0      , 0      , 0      , 0      , 0      , 0      , 0      , 1      
122 , 38878  , 200    , 0      , 0      , 0      , 0      , 144    , 149    , 1      
123 , 38878  , 200    , 0      , 40     , 0      , 0      , 0      , 0      , 1      
124 , 38878  , 0      , 0      , 0      , 0      , -1     , 0      , 0      , 1      
125 , 38978  , 300    , 0      , 0      , 0      , 0      , 248    , 251    , 1      
126 , 38978  , 300    , 0      , 42     , 0      , 0      , 0      , 0      , 1      
127 , 38978  , 0      , 0      , 0      , 0      , -1     , 0      , 0      , 1      
128 , 39078  , 400    , 0      , 0      , 0      , 0      , 352    , 351    , 1      
129 , 39078  , 400    , 0      , 44     , 0      , 0      , 0      , 0      , 1      
130 , 39078  , 0      , 0      , 0      , 0      , -1     , 0      , 0      , 1      
131 , 39178  , 500    , 0      , 0      , 0      , 0      , 458    , 451    , 1      
132 , 39178  , 500    , 0      , 44     , 0      , 0      , 0      , 0      , 1      
133 , 39178  , 0      , 0      , 0      , 0      , 0      , 0      , 0      , 1      
134 , 39278  , 600    , 0      , 0      , 0      , 0      , 564    , 552    , 1      
135 , 39278  , 600    , 0      , 43     , 0      , 0      , 0      , 0      , 1      
136 , 39278  , 0      , 0      , 0      , 0      , 1      , 0      , 0      , 1      
137 , 39378  , 700    , 0      , 0      , 0      , 0      , 673    , 655    , 1      
138 , 39378  , 700    , 0      , 42     , 0      , 0      , 0      , 0      , 1      
139 , 39378  , 0      , 0      , 0      , 0      , 2      , 0      , 0      , 1      
140 , 39478  , 800    , 0      , 0      , 0      , 0      , 781    , 761    , 1      
141 , 39478  , 800    , 0      , 42     , 0      , 0      , 0      , 0      , 1      
142 , 39478  , 0      , 0      , 0      , 0      , 2      , 0      , 0      , 1      
143 , 39578  , 900    , 0      , 0      , 0      , 0      , 891    , 869    , 1      
144 , 39578  , 900    , 0      , 42     , 0      , 0      , 0      , 0      , 1      
145 , 39578  , 0      , 0      , 0      , 0      , 2      , 0      , 0      , 1      
146 , 39678  , 1000   , 0      , 0      , 0      , 0      , 1002   , 978    , 1      
147 , 39678  , 1000   , 0      , 42     , 0      , 0      , 0      , 0      , 1      
148 , 39678  , 0      , 0      , 0      , 0      , 2      , 0      , 0      , 1      
149 , 39778  , 1100   , 0      , 0      , 0      , 0      , 1110   , 1087   , 1      
150 , 39778  , 1100   , 0      , 42     , 0      , 0      , 0      , 0      , 1      
151 , 39778  , 0      , 0      , 0      , 0      , 2      , 0      , 0      , 1      
152 , 39878  , 1200   , 0      , 0      , 0      , 0      , 1222   , 1195   , 1      
153 , 39878  , 1200   , 0      , 42     , 0      , 0      , 0      , 0      , 1      
154 , 39878  , 0      , 0      , 0      , 0      , 3      , 0      , 0      , 1      
155 , 39978  , 1300   , 0      , 0      , 0      , 0      , 1330   , 1305   , 1      
156 , 39978  , 1300   , 0      , 41     , 0      , 0      , 0      , 0      , 1      
157 , 39978  , 0      , 0      , 0      , 0      , 3      , 0      , 0      , 1      
158 , 40078  , 1400   , 0      , 0      , 0      , 0      , 1438   , 1414   , 1      
159 , 40078  , 1400   , 0      , 40     , 0      , 0      , 0      , 0      , 1      
160 , 40078  , 0      , 0      , 0      , 0      , 3      , 0      , 0      , 1      
161 , 40178  , 1500   , 0      , 0      , 0      , 0      , 1545   , 1524   , 1      
162 , 40178  , 1500   , 0      , 40     , 0      , 0      , 0      , 0      , 1      
163 , 40178  , 0      , 0      , 0      , 0      , 2      , 0      , 0      , 1      
164 , 40278  , 1600   , 0      , 0      , 0      , 0      , 1653   , 1633   , 1      
165 , 40278  , 1600   , 0      , 39     , 0      , 0      , 0      , 0      , 1      
166 , 40278  , 0      , 0      , 0      , 0      , 2      , 0      , 0      , 1      
167 , 40378  , 1700   , 0      , 0      , 0      , 0      , 1760   , 1743   , 1      
168 , 40378  , 1700   , 0      , 38     , 0      , 0      , 0      , 0      , 1      
169 , 40378  , 0      , 0      , 0      , 0      , 2      , 0      , 0      , 1      
170 , 40478  , 1800   , 0      , 0      , 0      , 0      , 1867   , 1853   , 1      
171 , 40478  , 1800   , 0      , 38     , 0      , 0      , 0      , 0      , 1      
172 , 40478  , 0      , 0      , 0      , 0      , 2      , 0      , 0      , 1      
173 , 40578  , 1900   , 0      , 0      , 0      , 0      , 1973   , 1963   , 1      
174 , 40578  , 1900   , 0      , 38     , 0      , 0      , 0      , 0      , 1      
175 , 40578  , 0      , 0      , 0      , 0      , 1      , 0      , 0      , 1      
176 , 40678  , 2000   , 0      , 0      , 0      , 0      , 2080   , 2073   , 1      
177 , 40678  , 2000   , 0      , 36     , 0      , 0      , 0      , 0      , 1      
178 , 40678  , 0      , 0      , 0      , 0      , 1      , 0      , 0      , 1      
179 , 40778  , 2100   , 0      , 0      , 0      , 0      , 2185   , 2183   , 1      
180 , 40778  , 2100   , 0      , 37     , 0      , 0      , 0      , 0      , 1      
181 , 40778  , 0      , 0      , 0      , 0      , 0      , 0      , 0      , 1      
182 , 40878  , 2200   , 0      , 0      , 0      , 0      , 2292   , 2293   , 1      
183 , 40878  , 2200   , 0      , 36     , 0      , 0      , 0      , 0      , 1      
184 , 40878  , 0      , 0      , 0      , 0      , 0      , 0      , 0      , 1      
185 , 40978  , 2300   , 0      , 0      , 0      , 0      , 2399   , 2403   , 1      
186 , 40978  , 2300   , 0      , 39     , 0      , 0      , 0      , 0      , 1      
187 , 40978  , 0      , 0      , 0      , 0      , -1     , 0      , 0      , 1      
188 , 41078  , 2400   , 0      , 0      , 0      , 0      , 2509   , 2514   , 1      
189 , 41078  , 2400   , 0      , 37     , 0      , 0      , 0      , 0      , 1      
190 , 41078  , 0      , 0      , 0      , 0      , -1     , 0      , 0      , 1      
191 , 41178  , 2500   , 0      , 0      , 0      , 0      , 2618   , 2622   , 1      
192 , 41178  , 2500   , 0      , 37     , 0      , 0      , 0      , 0      , 1      
193 , 41178  , 0      , 0      , 0      , 0      , -1     , 0      , 0      , 1      
194 , 41278  , 2600   , 0      , 0      , 0      , 0      , 2725   , 2731   , 1      
195 , 41278  , 2600   , 0      , 37     , 0      , 0      , 0      , 0      , 1      
196 , 41278  , 0      , 0      , 0      , 0      , -1     , 0      , 0      , 1      
197 , 41378  , 2700   , 0      , 0      , 0      , 0      , 2833   , 2841   , 1      
198 , 41378  , 2700   , 0      , 37     , 0      , 0      , 0      , 0      , 1      
199 , 41378  , 0      , 0      , 0      , 0      , -1     , 0      , 0      , 1      
200 , 41478  , 2800   , 0      , 0      , 0      , 0      , 2942   , 2953   , 1      
201 , 41478  , 2800   , 0      , 38     , 0      , 0      , 0      , 0      , 1      
202 , 41478  , 0      , 0      , 0      , 0      , -1     , 0      , 0      , 1      
203 , 41578  , 2900   , 0      , 0      , 0      , 0      , 3049   , 3060   , 1      
204 , 41578  , 2900   , 0      , 39     , 0      , 0      , 0      , 0      , 1      
205 , 41578  , 0      , 0      , 0      , 0      , -1     , 0      , 0      , 1      
206 , 41678  , 3000   , 0      , 0      , 0      , 0      , 3159   , 3170   , 1      
207 , 41678  , 3000   , 0      , 40     , 0      , 0      , 0      , 0      , 1      
208 , 41678  , 0      , 0      , 0      , 0      , -1     , 0      , 0      , 1      
209 , 41778  , 3100   , 0      , 0      , 0      , 0      , 3270   , 3278   , 1      
210 , 41778  , 3100   , 0      , 41     , 0      , 0      , 0      , 0      , 1      
211 , 41778  , 0      , 0      , 0      , 0      , -1     , 0      , 0      , 1      
212 , 41879  , 3201   , 0      , 0      , 0      , 0      , 3384   , 3386   , 1      
213 , 41879  , 3201   , 0      , 39     , 0      , 0      , 0      , 0      , 1      
214 , 41879  , 0      , 0      , 0      , 0      , 0      , 0      , 0      , 1      
215 , 41979  , 3301   , 0      , 0      , 0      , 0      , 3494   , 3495   , 1      
216 , 41979  , 3301   , 0      , 39     , 0      , 0      , 0      , 0      , 1      
217 , 41979  , 0      , 0      , 0      , 0      , 0      , 0      , 0      , 1      
218 , 42079  , 3401   , 0      , 0      , 0      , 0      , 3602   , 3605   , 1      
219 , 42079  , 3401   , 0      , 39     , 0      , 0      , 0      , 0      , 1      
220 , 42079  , 0      , 0      , 0      , 0      , 0      , 0      , 0      , 1      
221 , 42179  , 3501   , 0      , 0      , 0      , 0      , 3711   , 3714   , 1      
222 , 42179  , 3501   , 0      , 39     , 0      , 0      , 0      , 0      , 1      
223 , 42179  , 0      , 0      , 0      , 0      , 0      , 0      , 0      , 1      
224 , 42279  , 3601   , 0      , 0      , 0      , 0      , 3820   , 3824   , 1      
225 , 42279  , 3601   , 0      , 40     , 0      , 0      , 0      , 0      , 1      
226 , 42279  , 0      , 0      , 0      , 0      , 0      , 0      , 0      , 1      
227 , 42379  , 3701   , 0      , 0      , 0      , 0      , 3930   , 3934   , 1      
228 , 42379  , 3701   , 0      , 39     , 0      , 0      , 0      , 0      , 1      
229 , 42379  , 0      , 0      , 0      , 0      , 0      , 0      , 0      , 1      
230 , 42479  , 3801   , 0      , 0      , 0      , 0      , 4040   , 4043   , 1      
231 , 42479  , 3801   , 0      , 39     , 0      , 0      , 0      , 0      , 1      
232 , 42479  , 0      , 0      , 0      , 0      , 0      , 0      , 0      , 1      
233 , 42579  , 3901   , 0      , 0      , 0      , 0      , 4148   , 4152   , 1      
234 , 42579  , 3901   , 0      , 39     , 0      , 0      , 0      , 0      , 1      
235 , 42579  , 0      , 0      , 0      , 0      , 0      , 0      , 0      , 1      
236 , 42679  , 4001   , 0      , 0      , 0      , 0      , 4257   , 4263   , 1      
237 , 42679  , 4001   , 0      , 40     , 0      , 0      , 0      , 0      , 1      
238 , 42679  , 0      , 0      , 0      , 0      , 0      , 0      , 0      , 1      
239 , 42779  , 4101   , 0      , 0      , 0      , 0      , 4367   , 4372   , 1      
240 , 42779  , 4101   , 0      , 39     , 0      , 0      , 0      , 0      , 1      
241 , 42779  , 0      , 0      , 0      , 0      , 0      , 0      , 0      , 1      
242 , 42879  , 4201   , 0      , 0      , 0      , 0      , 4477   , 4481   , 1      
243 , 42879  , 4201   , 0      , 40     , 0      , 0      , 0      , 0      , 1      
244 , 42879  , 0      , 0      , 0      , 0      , 0      , 0      , 0      , 1      
245 , 42979  , 4301   , 0      , 0      , 0      , 0      , 4587   , 4591   , 1      
246 , 42979  , 4301   , 0      , 0      , 211    , 0      , 0      , 0      , 2      
247 , 42979  , 4301   , 0      , 40     , 0      , 0      , 0      , 0      , 2      
248 , 42979  , 0      , 0      , 0      , 0      , 0      , 0      , 0      , 2      
249 , 43079  , 4401   , 0      , 0      , 204    , 0      , 0      , 0      , 2      
250 , 43079  , 4401   , 0      , 41     , 0      , 0      , 0      , 0      , 2      
251 , 43079  , 0      , 0      , 0      , 0      , 1      , 0      , 0      , 2      
252 , 43179  , 4501   , 0      , 0      , 196    , 0      , 0      , 0      , 2      
253 , 43179  , 4501   , 0      , 40     , 0      , 0      , 0      , 0      , 2      
254 , 43179  , 0      , 0      , 0      , 0      , 1      , 0      , 0      , 2      
255 , 43279  , 4601   , 0      , 0      , 186    , 0      , 0      , 0      , 2      
256 , 43279  , 4601   , 0      , 40     , 0      , 0      , 0      , 0      , 2      
257 , 43279  , 0      , 0      , 0      , 0      , 1      , 0      , 0      , 2      
258 , 43379  , 4701   , 0      , 0      , 178    , 0      , 0      , 0      , 2      
259 , 43379  , 4701   , 0      , 40     , 0      , 0      , 0      , 0      , 2      
260 , 43379  , 0      , 0      , 0      , 0      , 1      , 0      , 0      , 2      
261 , 43479  , 4801   , 0      , 0      , 171    , 0      , 0      , 0      , 2      
262 , 43479  , 4801   , 0      , 40     , 0      , 0      , 0      , 0      , 2      
263 , 43479  , 0      , 0      , 0      , 0      , 1      , 0      , 0      , 2      
264 , 43579  , 4901   , 0      , 0      , 164    , 0      , 0      , 0      , 2      
265 , 43579  , 4901   , 0      , 40     , 0      , 0      , 0      , 0      , 2      
266 , 43579  , 0      , 0      , 0      , 0      , 1      , 0      , 0      , 2      
267 , 43679  , 5001   , 0      , 0      , 155    , 0      , 0      , 0      , 2      
268 , 43679  , 5001   , 0      , 39     , 0      , 0      , 0      , 0      , 2      
269 , 43679  , 0      , 0      , 0      , 0      , 1      , 0      , 0      , 2      
270 , 43779  , 5101   , 0      , 0      , 148    , 0      , 0      , 0      , 2      
271 , 43779  , 5101   , 0      , 40     , 0      , 0      , 0      , 0      , 2      
272 , 43779  , 0      , 0      , 0      , 0      , 1      , 0      , 0      , 2      
273 , 43879  , 5201   , 0      , 0      , 139    , 0      , 0      , 0      , 2      
274 , 43879  , 5201   , 0      , 39     , 0      , 0      , 0      , 0      , 2      
275 , 43879  , 0      , 0      , 0      , 0      , 1      , 0      , 0      , 2      
276 , 43979  , 5301   , 0      , 0      , 133    , 0      , 0      , 0      , 2      
277 , 43979  , 5301   , 0      , 40     , 0      , 0      , 0      , 0      , 2      
278 , 43979  , 0      , 0      , 0      , 0      , 0      , 0      , 0      , 2      
279 , 44079  , 5401   , 0      , 0      , 125    , 0      , 0      , 0      , 2      
280 , 44079  , 5401   , 0      , 40     , 0      , 0      , 0      , 0      , 2      
281 , 44079  , 0      , 0      , 0      , 0      , 0      , 0      , 0      , 2      
282 , 44179  , 5501   , 0      , 0      , 118    , 0      , 0      , 0      , 2      
283 , 44179  , 5501   , 0      , 40     , 0      , 0      , 0      , 0      , 2      
284 , 44179  , 0      , 0      , 0      , 0      , 0      , 0      , 0      , 2      
285 , 44279  , 5601   , 0      , 0      , 109    , 0      , 0      , 0      , 2      
286 , 44279  , 5601   , 0      , 40     , 0      , 0      , 0      , 0      , 2      
287 , 44279  , 0      , 0      , 0      , 0      , 0      , 0      , 0      , 2      
288 , 44379  , 5701   , 0      , 0      , 100    , 0      , 0      , 0      , 2      
289 , 44379  , 5701   , 0      , 40     , 0      , 0      , 0      , 0      , 2      
290 , 44379  , 0      , 0      , 0      , 0      , 0      , 0      , 0      , 2      
291 , 44479  , 5801   , 0      , 0      , 94     , 0      , 0      , 0      , 2      
292 , 44479  , 5801   , 0      , 40     , 0      , 0      , 0      , 0      , 2      
293 , 44479  , 0      , 0      , 0      , 0      , 0      , 0      , 0      , 2      
294 , 44579  , 5901   , 0      , 0      , 86     , 0      , 0      , 0      , 2      
295 , 44579  , 5901   , 0      , 39     , 0      , 0      , 0      , 0      , 2      
296 , 44579  , 0      , 0      , 0      , 0      , 0      , 0      , 0      , 2      
297 , 44679  , 6001   , 0      , 0      , 77     , 0      , 0      , 0      , 2      
298 , 44679  , 0      , 0      , 0      , 0      , 1      , 0      , 0      , 3      
299 , 44679  , 0      , 0      , 0      , 0      , 1      , 0      , 0      , 3      
300 , 44849  , 0      , 0      , 0      , 0      , -4     , 0      , 0      , 3      
301 , 44949  , 0      , 0      , 0      , 0      , -12    , 0      , 0      , 3      
302 , 45049  , 0      , 0      , 0      , 0      , -20    , 0      , 0      , 3      
303 , 45149  , 0      , 0      , 0      , 0      , -27    , 0      , 0      , 3      
304 , 45249  , 0      , 0      , 0      , 0      , -34    , 0      , 0      , 3      
305 , 45349  , 0      , 0      , 0      , 0      , -40    , 0      , 0      , 3      
306 , 45449  , 0      , 0      , 0      , 0      , -45    , 0      , 0      , 3      
307 , 45549  , 0      , 0      , 0      , 0      , -52    , 0      , 0      , 3      
308 , 45649  , 0      , 0      , 0      , 0      , -57    , 0      , 0      , 3      
309 , 45859  , 0      , 0      , 0      , 0      , -67    , 0      , 0      , 3      
310 , 45859  , 0      , 0      , 0      , 0      , -67    , 0      , 0      , 3      
311 , 45959  , 0      , 0      , 0      , 0      , -72    , 0      , 0      , 3      
312 , 46059  , 0      , 0      , 0      , 0      , -77    , 0      , 0      , 3      
313 , 46259  , 7581   , 0      , 0      , 0      , 0      , 0      , 0      , 1      
314 , 46259  , 7581   , 0      , 37     , 0      , 0      , 0      , 0      , 1      
315 , 46259  , 0      , 0      , 0      , 0      , -86    , 0      , 0      , 1      
316 , 46359  , 7681   , 0      , 0      , 0      , 0      , 46     , 108    , 1      
317 , 46359  , 0      , 0      , 0      , 0      , -90    , 0      , 0      , 3      
318 , 46359  , 0      , 0      , 0      , 0      , -90    , 0      , 0      , 3      
319 , 46519  , 0      , 0      , 0      , 0      , -98    , 0      , 0      , 3      
320 , 46663  , 0      , 0      , 0      , 0      , -109   , 0      , 0      , 3      
321 , 46763  , 0      , 0      , 0      , 0      , -117   , 0      , 0      , 3      
322 , 46886  , 0      , 0      , 0      , 0      , -128   , 0      , 0      , 3      
323 , 46986  , 0      , 0      , 0      , 0      , -135   , 0      , 0      , 3      
324 , 47086  , 0      , 0      , 0      , 0      , -141   , 0      , 0      , 3      
325 , 47197  , 0      , 0      , 0      , 0      , -147   , 0      , 0      , 3      
326 , 47397  , 0      , 0      , 0      , 0      , -157   , 0      , 0      , 3      
327 , 47397  , 0      , 0      , 0      , 0      , -157   , 0      , 0      , 3      
328 , 47497  , 0      , 0      , 0      , 0      , -162   , 0      , 0      , 3      
329 , 47597  , 0      , 0      , 0      , 0      , -166   , 0      , 0      , 3      
330 , 47797  , 9119   , 0      , 0      , 0      , 0      , 0      , 0      , 1      
331 , 47797  , 9119   , 0      , 24     , 0      , 0      , 0      , 0      , 1      
332 , 47797  , 0      , 0      , 0      , 0      , -175   , 0      , 0      , 1      
333 , 47897  , 9219   , 0      , 0      , 0      , 0      , 44     , 106    , 1      
334 , 47897  , 9219   , 0      , 23     , 0      , 0      , 0      , 0      , 1      
335 , 47897  , 0      , 0      , 0      , 0      , -179   , 0      , 0      , 1      
336 , 47997  , 9319   , 0      , 0      , 0      , 0      , 128    , 214    , 1      
337 , 47997  , 9319   , 0      , 23     , 0      , 0      , 0      , 0      , 1      
338 , 47997  , 0      , 0      , 0      , 0      , -183   , 0      , 0      , 1      
339 , 48097  , 9419   , 0      , 0      , 0      , 0      , 223    , 321    , 1      
340 , 48097  , 9419   , 0      , 24     , 0      , 0      , 0      , 0      , 1      
341 , 48097  , 0      , 0      , 0      , 0      , -186   , 0      , 0      , 1      
342 , 48197  , 9519   , 0      , 0      , 0      , 0      , 321    , 428    , 1      
343 , 48197  , 9519   , 0      , 26     , 0      , 0      , 0      , 0      , 1      
344 , 48197  , 0      , 0      , 0      , 0      , -189   , 0      , 0      , 1      
345 , 48297  , 9619   , 0      , 0      , 0      , 0      , 424    , 536    , 1      
346 , 48297  , 9619   , 0      , 27     , 0      , 0      , 0      , 0      , 1      
347 , 48297  , 0      , 0      , 0      , 0      , -190   , 0      , 0      , 1      
348 , 48397  , 9719   , 0      , 0      , 0      , 0      , 529    , 644    , 1      
349 , 48397  , 9719   , 0      , 30     , 0      , 0      , 0      , 0      , 1      
350 , 48397  , 0      , 0      , 0      , 0      , -191   , 0      , 0      , 1      
351 , 48497  , 9819   , 0      , 0      , 0      , 0      , 637    , 751    , 1      
352 , 48497  , 9819   , 0      , 33     , 0      , 0      , 0      , 0      , 1      
353 , 48497  , 0      , 0      , 0      , 0      , -191   , 0      , 0      , 1      
354 , 48597  , 9919   , 0      , 0      , 0      , 0      , 748    , 855    , 1      
355 , 48597  , 9919   , 0      , 36     , 0      , 0      , 0      , 0      , 1      
356 , 48597  , 0      , 0      , 0      , 0      , -190   , 0      , 0      , 1      
357 , 48697  , 10019  , 0      , 0      , 0      , 0      , 859    , 958    , 1      
358 , 48697  , 10019  , 0      , 42     , 0      , 0      , 0      , 0      , 1      
359 , 48697  , 0      , 0      , 0      , 0      , -190   , 0      , 0      , 1      
360 , 48797  , 10119  , 0      , 0      , 0      , 0      , 971    , 1058   , 1      
361 , 48797  , 10119  , 0      , 42     , 0      , 0      , 0      , 0      , 1      
362 , 48797  , 0      , 0      , 0      , 0      , -188   , 0      , 0      , 1      
363 , 48897  , 10219  , 0      , 0      , 0      , 0      , 1082   , 1156   , 1      
364 , 48897  , 10219  , 0      , 43     , 0      , 0      , 0      , 0      , 1      
365 , 48897  , 0      , 0      , 0      , 0      , -186   , 0      , 0      , 1      
366 , 48997  , 10319  , 0      , 0      , 0      , 0      , 1194   , 1256   , 1      
367 , 48997  , 10319  , 0      , 46     , 0      , 0      , 0      , 0      , 1      
368 , 48997  , 0      , 0      , 0      , 0      , -185   , 0      , 0      , 1      
369 , 49097  , 10419  , 0      , 0      , 0      , 0      , 1305   , 1356   , 1      
370 , 49097  , 10419  , 0      , 46     , 0      , 0      , 0      , 0      , 1      
371 , 49097  , 0      , 0      , 0      , 0      , -183   , 0      , 0      , 1      
372 , 49197  , 10519  , 0      , 0      , 0      , 0      , 1416   , 1456   , 1      
373 , 49197  , 10519  , 0      , 49     , 0      , 0      , 0      , 0      , 1      
374 , 49197  , 0      , 0      , 0      , 0      , -181   , 0      , 0      , 1      
375 , 49299  , 10621  , 0      , 0      , 0      , 0      , 1530   , 1558   , 1      
376 , 49299  , 10621  , 0      , 48     , 0      , 0      , 0      , 0      , 1      
377 , 49299  , 0      , 0      , 0      , 0      , -180   , 0      , 0      , 1      
378 , 49399  , 10721  , 0      , 0      , 0      , 0      , 1640   , 1659   , 1      
379 , 49399  , 10721  , 0      , 50     , 0      , 0      , 0      , 0      , 1      
380 , 49399  , 0      , 0      , 0      , 0      , -179   , 0      , 0      , 1      
381 , 49499  , 10821  , 0      , 0      , 0      , 0      , 1752   , 1759   , 1      
382 , 49499  , 10821  , 0      , 50     , 0      , 0      , 0      , 0      , 1      
383 , 49499  , 0      , 0      , 0      , 0      , -177   , 0      , 0      , 1      
384 , 49599  , 10921  , 0      , 0      , 0      , 0      , 1863   , 1860   , 1      
385 , 49599  , 10921  , 0      , 52     , 0      , 0      , 0      , 0      , 1      
386 , 49599  , 0      , 0      , 0      , 0      , -176   , 0      , 0      , 1      
387 , 49699  , 11021  , 0      , 0      , 0      , 0      , 1974   , 1962   , 1      
388 , 49699  , 11021  , 0      , 51     , 0      , 0      , 0      , 0      , 1      
389 , 49699  , 0      , 0      , 0      , 0      , -174   , 0      , 0      , 1      
390 , 49799  , 11121  , 0      , 0      , 0      , 0      , 2086   , 2065   , 1      
391 , 49799  , 11121  , 0      , 51     , 0      , 0      , 0      , 0      , 1      
392 , 49799  , 0      , 0      , 0      , 0      , -173   , 0      , 0      , 1      
393 , 49899  , 11221  , 0      , 0      , 0      , 0      , 2197   , 2169   , 1      
394 , 49899  , 11221  , 0      , 50     , 0      , 0      , 0      , 0      , 1      
395 , 49899  , 0      , 0      , 0      , 0      , -172   , 0      , 0      , 1      
396 , 49999  , 11321  , 0      , 0      , 0      , 0      , 2308   , 2274   , 1      
397 , 49999  , 11321  , 0      , 49     , 0      , 0      , 0      , 0      , 1      
398 , 49999  , 0      , 0      , 0      , 0      , -172   , 0      , 0      , 1      
399 , 50099  , 11421  , 0      , 0      , 0      , 0      , 2419   , 2381   , 1      
400 , 50099  , 11421  , 0      , 49     , 0      , 0      , 0      , 0      , 1      
401 , 50099  , 0      , 0      , 0      , 0      , -171   , 0      , 0      , 1      
402 , 50199  , 11521  , 0      , 0      , 0      , 0      , 2530   , 2490   , 1      
403 , 50199  , 11521  , 0      , 48     , 0      , 0      , 0      , 0      , 1      
404 , 50199  , 0      , 0      , 0      , 0      , -171   , 0      , 0      , 1      
405 , 50299  , 11621  , 0      , 0      , 0      , 0      , 2640   , 2599   , 1      
406 , 50299  , 11621  , 0      , 46     , 0      , 0      , 0      , 0      , 1      
407 , 50299  , 0      , 0      , 0      , 0      , -171   , 0      , 0      , 1      
408 , 50399  , 11721  , 0      , 0      , 0      , 0      , 2747   , 2710   , 1      
409 , 50399  , 11721  , 0      , 45     , 0      , 0      , 0      , 0      , 1      
410 , 50399  , 0      , 0      , 0      , 0      , -171   , 0      , 0      , 1      
411 , 50499  , 11821  , 0      , 0      , 0      , 0      , 2853   , 2819   , 1      
412 , 50499  , 11821  , 0      , 43     , 0      , 0      , 0      , 0      , 1      
413 , 50499  , 0      , 0      , 0      , 0      , -171   , 0      , 0      , 1      
414 , 50599  , 11921  , 0      , 0      , 0      , 0      , 2958   , 2928   , 1      
415 , 50599  , 11921  , 0      , 41     , 0      , 0      , 0      , 0      , 1      
416 , 50599  , 0      , 0      , 0      , 0      , -172   , 0      , 0      , 1      
417 , 50699  , 12021  , 0      , 0      , 0      , 0      , 3062   , 3038   , 1      
418 , 50699  , 12021  , 0      , 38     , 0      , 0      , 0      , 0      , 1      
419 , 50699  , 0      , 0      , 0      , 0      , -173   , 0      , 0      , 1      
420 , 50799  , 12121  , 0      , 0      , 0      , 0      , 3164   , 3148   , 1      
421 , 50799  , 12121  , 0      , 36     , 0      , 0      , 0      , 0      , 1      
422 , 50799  , 0      , 0      , 0      , 0      , -174   , 0      , 0      , 1      
423 , 50899  , 12221  , 0      , 0      , 0      , 0      , 3266   , 3258   , 1      
424 , 50899  , 12221  , 0      , 34     , 0      , 0      , 0      , 0      , 1      
425 , 50899  , 0      , 0      , 0      , 0      , -175   , 0      , 0      , 1      
426 , 50999  , 12321  , 0      , 0      , 0      , 0      , 3366   , 3368   , 1      
427 , 50999  , 12321  , 0      , 31     , 0      , 0      , 0      , 0      , 1      
428 , 50999  , 0      , 0      , 0      , 0      , -176   , 0      , 0      , 1      
429 , 51099  , 12421  , 0      , 0      , 0      , 0      , 3466   , 3478   , 1      
430 , 51099  , 12421  , 0      , 30     , 0      , 0      , 0      , 0      , 1      
431 , 51099  , 0      , 0      , 0      , 0      , -178   , 0      , 0      , 1      
432 , 51199  , 12521  , 0      , 0      , 0      , 0      , 3564   , 3588   , 1      
433 , 51199  , 12521  , 0      , 28     , 0      , 0      , 0      , 0      , 1      
434 , 51199  , 0      , 0      , 0      , 0      , -180   , 0      , 0      , 1      
435 , 51299  , 12621  , 0      , 0      , 0      , 0      , 3664   , 3697   , 1      
436 , 51299  , 12621  , 0      , 28     , 0      , 0      , 0      , 0      , 1      
437 , 51299  , 0      , 0      , 0      , 0      , -181   , 0      , 0      , 1      
438 , 51399  , 12721  , 0      , 0      , 0      , 0      , 3764   , 3807   , 1      
439 , 51399  , 12721  , 0      , 27     , 0      , 0      , 0      , 0      , 1      
440 , 51399  , 0      , 0      , 0      , 0      , -183   , 0      , 0      , 1      
441 , 51499  , 12821  , 0      , 0      , 0      , 0      , 3864   , 3916   , 1      
442 , 51499  , 12821  , 0      , 27     , 0      , 0      , 0      , 0      , 1      
443 , 51499  , 0      , 0      , 0      , 0      , -185   , 0      , 0      , 1      
444 , 51599  , 12921  , 0      , 0      , 0      , 0      , 3966   , 4025   , 1      
445 , 51599  , 12921  , 0      , 28     , 0      , 0      , 0      , 0      , 1      
446 , 51599  , 0      , 0      , 0      , 0      , -186   , 0      , 0      , 1      
447 , 51699  , 13021  , 0      , 0      , 0      , 0      , 4070   , 4135   , 1      
448 , 51699  , 13021  , 0      , 30     , 0      , 0      , 0      , 0      , 1      
449 , 51699  , 0      , 0      , 0      , 0      , -187   , 0      , 0      , 1      
450 , 51799  , 13121  , 0      , 0      , 0      , 0      , 4175   , 4244   , 1      
451 , 51799  , 13121  , 0      , 31     , 0      , 0      , 0      , 0      , 1      
452 , 51799  , 0      , 0      , 0      , 0      , -188   , 0      , 0      , 1      
453 , 51899  , 13221  , 0      , 0      , 0      , 0      , 4283   , 4353   , 1      
454 , 51899  , 13221  , 0      , 34     , 0      , 0      , 0      , 0      , 1      
455 , 51899  , 0      , 0      , 0      , 0      , -188   , 0      , 0      , 1      
456 , 51999  , 13321  , 0      , 0      , 0      , 0      , 4394   , 4460   , 1      
457 , 51999  , 13321  , 0      , 36     , 0      , 0      , 0      , 0      , 1      
458 , 51999  , 0      , 0      , 0      , 0      , -188   , 0      , 0      , 1      
459 , 52099  , 13421  , 0      , 0      , 0      , 0      , 4505   , 4565   , 1      
460 , 52099  , 13421  , 0      , 38     , 0      , 0      , 0      , 0      , 1      
461 , 52099  , 0      , 0      , 0      , 0      , -187   , 0      , 0      , 1      
462 , 52199  , 13521  , 0      , 0      , 0      , 0      , 4616   , 4669   , 1      
463 , 52199  , 13521  , 0      , 42     , 0      , 0      , 0      , 0      , 1      
464 , 52199  , 0      , 0      , 0      , 0      , -186   , 0      , 0      , 1      
465 , 52299  , 13621  , 0      , 0      , 0      , 0      , 4728   , 4771   , 1      
466 , 52299  , 13621  , 0      , 40     , 0      , 0      , 0      , 0      , 1      
467 , 52299  , 0      , 0      , 0      , 0      , -184   , 0      , 0      , 1      
468 , 52399  , 13721  , 0      , 0      , 0      , 0      , 4840   , 4875   , 1      
469 , 52399  , 13721  , 0      , 41     , 0      , 0      , 0      , 0      , 1      
470 , 52399  , 0      , 0      , 0      , 0      , -183   , 0      , 0      , 1      
471 , 52499  , 13821  , 0      , 0      , 0      , 0      , 4952   , 4979   , 1      
472 , 52499  , 13821  , 0      , 42     , 0      , 0      , 0      , 0      , 1      
473 , 52499  , 0      , 0      , 0      , 0      , -182   , 0      , 0      , 1      
474 , 52599  , 13921  , 0      , 0      , 0      , 0      , 5063   , 5083   , 1      
475 , 52599  , 13921  , 0      , 0      , 109    , 0      , 0      , 0      , 2      
476 , 52599  , 13921  , 0      , 44     , 0      , 0      , 0      , 0      , 2      
477 , 52599  , 0      , 0      , 0      , 0      , -181   , 0      , 0      , 2      
478 , 52699  , 14021  , 0      , 0      , 103    , 0      , 0      , 0      , 2      
479 , 52699  , 14021  , 0      , 45     , 0      , 0      , 0      , 0      , 2      
480 , 52699  , 0      , 0      , 0      , 0      , -180   , 0      , 0      , 2      
481 , 52799  , 14121  , 0      , 0      , 95     , 0      , 0      , 0      , 2      
482 , 52799  , 14121  , 0      , 44     , 0      , 0      , 0      , 0      , 2      
483 , 52799  , 0      , 0      , 0      , 0      , -179   , 0      , 0      , 2      
484 , 52899  , 14221  , 0      , 0      , 87     , 0      , 0      , 0      , 2      
485 , 52899  , 14221  , 0      , 45     , 0      , 0      , 0      , 0      , 2      
486 , 52899  , 0      , 0      , 0      , 0      , -178   , 0      , 0      , 2      
487 , 52999  , 14321  , 0      , 0      , 78     , 0      , 0      , 0      , 2      
488 , 52999  , 14321  , 0      , 46     , 0      , 0      , 0      , 0      , 2      
489 , 52999  , 0      , 0      , 0      , 0      , -178   , 0      , 0      , 2      
490 , 53099  , 14421  , 0      , 0      , 71     , 0      , 0      , 0      , 2      
491 , 53099  , 14421  , 0      , 47     , 0      , 0      , 0      , 0      , 2      
492 , 53099  , 0      , 0      , 0      , 0      , -177   , 0      , 0      , 2      
493 , 53199  , 14521  , 0      , 0      , 63     , 0      , 0      , 0      , 2      
494 , 53199  , 0      , 0      , 0      , 0      , -176   , 0      , 0      , 3      
495 , 53199  , 0      , 0      , 0      , 0      , -176   , 0      , 0      , 3      
496 , 53380  , 0      , 0      , 0      , 0      , -180   , 0      , 0      , 3      
497 , 53480  , 0      , 0      , 0      , 0      , -188   , 0      , 0      , 3      
498 , 53580  , 0      , 0      , 0      , 0      , -196   , 0      , 0      , 3      
499 , 53680  , 0      , 0      , 0      , 0      , -205   , 0      , 0      , 3      
500 , 53780  , 0      , 0      , 0      , 0      , -213   , 0      , 0      , 3      
501 , 53899  , 0      , 0      , 0      , 0      , -220   , 0      , 0      , 3      
502 , 53999  , 0      , 0      , 0      , 0      , -226   , 0      , 0      , 3      
503 , 54099  , 0      , 0      , 0      , 0      , -232   , 0      , 0      , 3      
504 , 54211  , 0      , 0      , 0      , 0      , -238   , 0      , 0      , 3      
505 , 54411  , 0      , 0      , 0      , 0      , -248   , 0      , 0      , 3      
506 , 54411  , 0      , 0      , 0      , 0      , -248   , 0      , 0      , 3      
507 , 54511  , 0      , 0      , 0      , 0      , -252   , 0      , 0      , 3      
508 , 54611  , 0      , 0      , 0      , 0      , -257   , 0      , 0      , 3      
509 , 54811  , 16133  , 0      , 0      , 58     , 0      , 0      , 0      , 2      
510 , 54811  , 16133  , 0      , 10     , 0      , 0      , 0      , 0      , 2      
511 , 54811  , 0      , 0      , 0      , 0      , -267   , 0      , 0      , 2      
512 , 54911  , 16233  , 0      , 0      , 53     , 0      , 0      , 0      , 2      
513 , 54911  , 16233  , 0      , 7      , 0      , 0      , 0      , 0      , 2      
514 , 54911  , 0      , 0      , 0      , 0      , -270   , 0      , 0      , 2      
515 , 55011  , 16333  , 0      , 0      , 47     , 0      , 0      , 0      , 2      
516 , 55011  , 16333  , 0      , 7      , 0      , 0      , 0      , 0      , 2      
517 , 55011  , 0      , 0      , 0      , 0      , -274   , 0      , 0      , 2      
518 , 55111  , 16433  , 0      , 0      , 42     , 0      , 0      , 0      , 2      
519 , 55111  , 16433  , 0      , 7      , 0      , 0      , 0      , 0      , 2      
520 , 55111  , 0      , 0      , 0      , 0      , -277   , 0      , 0      , 2      
521 , 55211  , 16533  , 0      , 0      , 37     , 0      , 0      , 0      , 2      
